"id";"parent_id";"point_osm_id";"polygon_osm_id";"shp_gid";"src";"group_type";"type";"name";"alt_names";"lat";"lon";"fias_id";"is_capital";"path";"info";"place_type";"fias_type_ru";"official_status_ru";"msg";"updated";"action_log_id";"parents_ids"
443675;;466507355;-1152720;"274";"shp_countries";"address";"country";"Абхазия";"{Абхазия,Abkhazia,""Аҧсны - Абхазия"",""Республика Абхазия - Аҧсны Аҳәынҭқарра"",""Republic of Abkhazia"",""Республика Абхазия"",""Абхазия - Аҧсны""}";"43.150023";"41.229979";"";;"Абхазия";"{""continent"":""Азия"",""zoom"":9,""iso2"":""AB"",""iso3"":""ABH""}";"";"";"";"";;0;""
443650;;424315584;-80500;"7";"shp_countries";"address";"country";"Австралия";"{Австралия,Australia,""Commonwealth of Australia""}";"-24.776109";"134.755000";"";;"Австралия";"{""zoom"":5,""iso2"":""AU"",""continent"":""Австралия и Океания"",""iso3"":""AUS""}";"";"";"";"";;0;""
443555;;26847709;-16239;"116";"shp_countries";"address";"country";"Австрия";"{Австрия,Österreich,Austria,""Republik Österreich"",""Republic of Austria"",""Австрийская Республика""}";"47.200034";"13.199959";"";;"Австрия";"{""zoom"":7,""iso2"":""AT"",""continent"":""Европа"",""iso3"":""AUT"",""timezone"":""Europe/Vienna""}";"";"";"";"";;0;""
443551;;424313675;-364110;"115";"shp_countries";"address";"country";"Азербайджан";"{Азербайджан,Azərbaycan,Azerbaijan,""Azərbaycan Respublikası"",""Republic of Azerbaijan"",""Азербайджанская Республика""}";"40.163667";"47.820743";"";;"Азербайджан";"{""zoom"":7,""iso2"":""AZ"",""continent"":""Азия"",""iso3"":""AZE"",""timezone"":""Asia/Baku""}";"";"";"";"";;0;""
443516;;424310601;-53292;"144";"shp_countries";"address";"country";"Албания";"{Албания,Shqipëria,Albania,""Republika e Shqipërisë"",""Republic of Albania""}";"41.000028";"19.999962";"";;"Албания";"{""zoom"":8,""iso2"":""AL"",""continent"":""Европа"",""iso3"":""ALB"",""timezone"":""Europe/Tirane""}";"";"";"";"";;0;""
443543;;432424926;-192756;"12";"shp_countries";"address";"country";"Алжир";"{Алжир,""الجزائر  Algérie"",Algeria,""الجمهورية الجزائرية الديمقراطية الشعبية"",""People's Democratic Republic of Algeria"",""Алжирская народная демократическая республика"",""الجزائر (Algérie)""}";"28.000027";"2.999982";"";;"Алжир";"{""iso3"":""DZA"",""continent"":""Африка"",""iso2"":""DZ"",""zoom"":5,""timezone"":""Africa/Algiers""}";"";"";"";"";;0;""
443674;;506535828;-2177187;"221";"shp_countries";"address";"country";"Американское Самоа";"{""Американское Самоа"",""American Samoa""}";"-14.289304";"-170.692511";"";;"Американское Самоа";"{""iso3"":""ASM"",""iso2"":""AS"",""zoom"":8,""continent"":""Австралия и Океания""}";"";"";"";"";;0;""
443517;;433483517;-2177161;"232";"shp_countries";"address";"country";"Ангилья";"{Ангилья,Anguilla}";"18.195495";"-63.075023";"";;"Ангилья";"{""iso3"":""AIA"",""continent"":""Америка"",""iso2"":""AI"",""zoom"":11}";"";"";"";"";;0;""
443571;;424310875;-195267;"24";"shp_countries";"address";"country";"Ангола";"{Ангола,Angola,""República de Angola"",""Republic of Angola"",""Республика Ангола""}";"-11.877577";"17.569124";"";;"Ангола";"{""timezone"":""Africa/Luanda"",""iso3"":""AGO"",""iso2"":""AO"",""zoom"":6,""continent"":""Африка""}";"";"";"";"";;0;""
443662;;148874198;-9407;"206";"shp_countries";"address";"country";"Андорра";"{Андорра,Andorra,""Principat d'Andorra"",""Княжество Андорра""}";"42.540717";"1.573203";"";;"Андорра";"{""timezone"":""Europe/Andorra"",""zoom"":10,""iso2"":""AD"",""continent"":""Европа"",""iso3"":""AND""}";"";"";"";"";;0;""
443572;;;-2186646;"2";"shp_countries";"address";"country";"Антарктида";"{Антарктида,Antarctica}";"-72.843869";"0.000000";"";;"Антарктида";"{""continent"":""Антарктика"",""zoom"":3,""iso2"":""AQ"",""iso3"":""ATA""}";"";"";"";"";;0;""
443663;;432424929;-536900;"202";"shp_countries";"address";"country";"Антигуа и Барбуда";"{""Антигуа и Барбуда"",""Antigua and Barbuda""}";"17.079128";"-61.822252";"";;"Антигуа и Барбуда";"{""timezone"":""America/Antigua"",""iso3"":""ATG"",""iso2"":""AG"",""zoom"":10,""continent"":""Америка""}";"";"";"";"";;0;""
443552;;249399280;-286393;"9";"shp_countries";"address";"country";"Аргентина";"{Аргентина,Argentina,""República Argentina"",""Argentine Republic"",""Аргентинская Республика""}";"-35.003903";"-65.269975";"";;"Аргентина";"{""continent"":""Америка"",""zoom"":5,""iso2"":""AR"",""iso3"":""ARG""}";"";"";"";"";;0;""
443444;;249399277;-364066;"141";"shp_countries";"address";"country";"Армения";"{Армения,Հայաստան,Armenia,""Հայաստանի Հանրապետություն"",""Республика Армения""}";"40.769627";"44.673665";"";;"Армения";"{""timezone"":""Asia/Yerevan"",""iso3"":""ARM"",""iso2"":""AM"",""zoom"":8,""continent"":""Европа""}";"";"";"";"";;0;""
443617;;;-1231749;"229";"shp_countries";"address";"country";"Аруба";"{Аруба,Aruba}";"12.543000";"-69.980424";"";;"Аруба";"{""zoom"":10,""iso2"":""AW"",""continent"":""Америка"",""iso3"":""ABW"",""timezone"":""America/Aruba""}";"";"";"";"";;0;""
443542;;26847706;-303427;"42";"shp_countries";"address";"country";"Афганистан";"{Афганистан,ИРА,IRA,افغانستان,Afghanistan,""Исламская Республика Афганистан"",""Cộng hòa Hồi giáo Afghanistan""}";"33.000087";"64.999847";"";;"Афганистан";"{""continent"":""Азия"",""zoom"":6,""iso2"":""AF"",""iso3"":""AFG"",""timezone"":""Asia/Kabul""}";"";"";"";"";;0;""
443634;;249399296;-547469;"161";"shp_countries";"address";"country";"Багамские Острова";"{""Багамские Острова"",Bahamas,Багамы,""Commonwealth of The Bahamas"",""Содружество Багамы"",""The Bahamas""}";"24.773655";"-78.000055";"";;"Багамские Острова";"{""zoom"":7,""iso2"":""BS"",""continent"":""Америка"",""iso3"":""BHS"",""timezone"":""America/Nassau""}";"";"";"";"";;0;""
443623;;432424937;-184640;"97";"shp_countries";"address";"country";"Бангладеш";"{Бангладеш,বাংলাদেশ,Bangladesh,""Народная Республика Бангладеш""}";"24.476878";"90.293243";"";;"Бангладеш";"{""timezone"":""Asia/Dhaka"",""iso3"":""BGD"",""continent"":""Азия"",""iso2"":""BD"",""zoom"":7}";"";"";"";"";;0;""
443482;;249399285;-547511;"207";"shp_countries";"address";"country";"Барбадос";"{Барбадос,Barbados,""Commonwealth of the Bahamas""}";"13.150033";"-59.525030";"";;"Барбадос";"{""iso3"":""BRB"",""iso2"":""BB"",""zoom"":9,""continent"":""Америка"",""timezone"":""America/Barbados""}";"";"";"";"";;0;""
443664;;424297207;-378734;"194";"shp_countries";"address";"country";"Бахрейн";"{Бахрейн,البحرين,Bahrain,""‎مملكة البحرين (Mamlakat al-Baḥrayn)"",""Kingdom of Bahrain"",""Королевство Бахрейн"",‏البحرين‎}";"26.155125";"50.534461";"";;"Бахрейн";"{""timezone"":""Asia/Bahrain"",""iso3"":""BHR"",""continent"":""Азия"",""iso2"":""BH"",""zoom"":9}";"";"";"";"";;0;""
443442;;249399300;-59065;"87";"shp_countries";"address";"country";"Беларусь";"{Беларусь,Belarus,""Рэспубліка Беларусь"",Belorussia;Byelorussia,""Republic of Belarus"",Белоруссия,""Республика Беларусь""}";"53.425060";"27.697136";"";;"Беларусь";"{""timezone"":""Europe/Minsk"",""iso3"":""BLR"",""continent"":""Европа"",""iso2"":""BY"",""zoom"":7}";"";"";"";"";;0;""
443647;;332779764;-287827;"151";"shp_countries";"address";"country";"Белиз";"{Белиз,Belize}";"16.825979";"-88.760093";"";;"Белиз";"{""iso3"":""BLZ"",""continent"":""Америка"",""iso2"":""BZ"",""zoom"":8,""timezone"":""America/Belize""}";"";"";"";"";;0;""
443479;;1684793666;-52411;"143";"shp_countries";"address";"country";"Бельгия";"{Бельгия,""België - Belgique - Belgien"",Belgium,""Koninkrijk België;Royaume de Belgique;Königreich Belgien"",""Kingdom of Belgium"",""Королевство Бельгии""}";"50.640735";"4.666960";"";;"Бельгия";"{""timezone"":""Europe/Brussels"",""zoom"":8,""iso2"":""BE"",""continent"":""Европа"",""iso3"":""BEL""}";"";"";"";"";;0;""
443585;;424297384;-192784;"103";"shp_countries";"address";"country";"Бенин";"{Бенин,Bénin,Benin,""République du Bénin"",""Республика Бенин""}";"9.529347";"2.258441";"";;"Бенин";"{""timezone"":""Africa/Porto-Novo"",""iso3"":""BEN"",""continent"":""Африка"",""iso2"":""BJ"",""zoom"":7}";"";"";"";"";;0;""
443575;;433483519;-1993208;"233";"shp_countries";"address";"country";"Бермудские Острова";"{""Бермудские Острова"",Bermuda,Бермуды,""The Islands of Bermuda""}";"32.301822";"-64.760358";"";;"Бермудские Острова";"{""iso3"":""BMU"",""iso2"":""BM"",""zoom"":8,""continent"":""Америка"",""timezone"":""Atlantic/Bermuda""}";"";"";"";"";;0;""
443467;;424315709;-186382;"106";"shp_countries";"address";"country";"Болгария";"{Болгария,България,Bulgaria,""Република България"",""Republic of Bulgaria"",""Республика Болгария""}";"42.607397";"25.485662";"";;"Болгария";"{""iso3"":""BGR"",""continent"":""Европа"",""iso2"":""BG"",""zoom"":7,""timezone"":""Europe/Sofia""}";"";"";"";"";;0;""
443558;;424313730;-252645;"29";"shp_countries";"address";"country";"Боливия";"{Боливия,Bolivia,""Estado Plurinacional de Bolivia"",""Plurinational State of Bolivia"",""Многонациональное Государство Боливия"",""Многонациона́льное Госуда́рство Боли́вия""}";"-17.056870";"-64.991228";"";;"Боливия";"{""timezone"":""America/La_Paz"",""continent"":""Америка"",""zoom"":6,""iso2"":""BO"",""iso3"":""BOL""}";"";"";"";"";;0;""
4700253;;;-1216720;"";"countries_spec";"address";"country";"Бонэйр, Синт-Эстатиус и Саба";"{""Caribisch Nederland"",""Caribbean Netherlands"",""Кари́бские Нидерла́нды"",""Bonaire, Sint Eustatius en Saba"",""Bonaire, Sint Eustatius and Saba""}";"12.167000";"-68.290968";"";;"Бонэйр, Синт-Эстатиус и Саба";"{""zoom"":7,""iso2"":""BQ"",""continent"":""Америка""}";"";"";"";"";;0;""
443671;;1983711862;-2528142;"130";"shp_countries";"address";"country";"Босния и Герцеговина";"{""Босния и Герцеговина"",""Bosna i Hercegovina"",""Bosnia and Herzegovina""}";"44.309240";"17.585967";"";;"Босния и Герцеговина";"{""iso3"":""BIH"",""continent"":""Европа"",""iso2"":""BA"",""zoom"":8,""timezone"":""Europe/Sarajevo""}";"";"";"";"";;0;""
443556;;424313751;-1889339;"49";"shp_countries";"address";"country";"Ботсвана";"{Ботсвана,Botswana,""Republic of Botswana;Lefatse la Botswana"",""Республика Ботсвана""}";"-23.168178";"24.592874";"";;"Ботсвана";"{""timezone"":""Africa/Gaborone"",""zoom"":6,""iso2"":""BW"",""continent"":""Африка"",""iso3"":""BWA""}";"";"";"";"";;0;""
443466;;424313734;-59470;"6";"shp_countries";"address";"country";"Бразилия";"{Бразилия,Brasil,Brazil,""República Federativa do Brasil"",""Federative Republic of Brazil"",""Федеративная Республика Бразилия""}";"-10.333333";"-53.200000";"";;"Бразилия";"{""zoom"":4,""iso2"":""BR"",""continent"":""Америка"",""iso3"":""BRA""}";"";"";"";"";;0;""
443582;;424313891;-1993867;"238";"shp_countries";"address";"country";"Британская Территория в Индийском Океане";"{""Британская Территория в Индийском Океане"",""British Indian Ocean Territory""}";"-6.415719";"72.117396";"";;"Британская Территория в Индийском Океане";"{""continent"":""Африка"",""zoom"":8,""iso2"":""IO"",""iso3"":""IOT""}";"";"";"";"";;0;""
443443;;1694010854;-2103120;"174";"shp_countries";"address";"country";"Бруней";"{Бруней,""Brunei Darussalam بروني دارالسلام"",Brunei,""State of Brunei Darussalam"",""Государство Бруней-Даруссалам"",""برني دارالسلام‎""}";"4.413716";"114.565391";"";;"Бруней";"{""timezone"":""Asia/Brunei"",""iso3"":""BRN"",""continent"":""Азия"",""iso2"":""BN"",""zoom"":9}";"";"";"";"";;0;""
443500;;249399288;-192783;"75";"shp_countries";"address";"country";"Буркина Фасо";"{""Буркина Фасо"",""Burkina Faso"",Буркина-Фасо}";"12.075308";"-1.688031";"";;"Буркина Фасо";"{""timezone"":""Africa/Ouagadougou"",""zoom"":7,""iso2"":""BF"",""continent"":""Африка"",""iso3"":""BFA""}";"";"";"";"";;0;""
443471;;424310982;-195269;"147";"shp_countries";"address";"country";"Бурунди";"{Бурунди,Burundi,""Republika y'u Burundi"",""Республика Бурунди""}";"-3.363436";"29.887057";"";;"Бурунди";"{""timezone"":""Africa/Bujumbura"",""iso3"":""BDI"",""continent"":""Африка"",""iso2"":""BI"",""zoom"":8}";"";"";"";"";;0;""
443588;;424311028;-184629;"136";"shp_countries";"address";"country";"Бутан";"{Бутан,འབྲུགཡུལ་,Bhutan,""Kingdom of Bhutan"",""Королевство Бутан""}";"27.549511";"90.511927";"";;"Бутан";"{""iso3"":""BTN"",""iso2"":""BT"",""zoom"":8,""continent"":""Азия"",""timezone"":""Asia/Thimphu""}";"";"";"";"";;0;""
443627;;424313466;-2177246;"163";"shp_countries";"address";"country";"Вануату";"{Вануату,Vanuatu,""Ripablik blong Vanuatu"",""Republic of Vanuatu"",""Республика Вануату""}";"-16.525507";"168.106915";"";;"Вануату";"{""continent"":""Австралия и Океания"",""zoom"":7,""iso2"":""VU"",""iso3"":""VUT""}";"";"";"";"";;0;""
4700255;;424311883;-36989;"";"countries_spec";"address";"country";"Ватикан";"{""Civitatis Vaticanæ"",""Vatican City"",""Stato della Città del Vaticano"",""Status Civitatis Vaticanæ"",""Папский Престол (государство - город Ватикан)""}";"41.903491";"12.452835";"";0;"Ватикан";"{""zoom"":7,""iso2"":""VA"",""continent"":""Европа"",""iso3"":""VAT"",""timezone"":""Europe/Vatican""}";"";"";"";"";;120;""
443499;;838090640;-62149;"82";"shp_countries";"address";"country";"Великобритания";"{Великобритания,UK,""United Kingdom"",""United Kingdom of Great Britain and Northern Ireland"",""Соединенное Королевство Великобритании и Северной Ирландии""}";"54.702355";"-3.276575";"";;"Великобритания";"{""iso3"":""GBR"",""continent"":""Европа"",""iso2"":""GB"",""zoom"":6,""timezone"":""Europe/London""}";"";"";"";"";;0;""
443472;;249399347;-21335;"111";"shp_countries";"address";"country";"Венгрия";"{Венгрия,Magyarország,Hungary,""Magyar Köztársaság"",""Republic of Hungary"",""Венге́рская Респу́блика""}";"47.181758";"19.506094";"";;"Венгрия";"{""timezone"":""Europe/Budapest"",""iso3"":""HUN"",""iso2"":""HU"",""zoom"":7,""continent"":""Европа""}";"";"";"";"";;0;""
443568;;424311890;-272644;"34";"shp_countries";"address";"country";"Венесуэла";"{Венесуэла,Venezuela,""República Bolivariana de Venezuela"",""Bolivarian Republic of Venezuela""}";"8.001871";"-66.110932";"";;"Венесуэла";"{""continent"":""Америка"",""zoom"":6,""iso2"":""VE"",""iso3"":""VEN"",""timezone"":""America/Caracas""}";"";"";"";"";;0;""
443652;;424311891;-285454;"224";"shp_countries";"address";"country";"Виргинские Острова";"{""Виргинские Острова"",""British Virgin Islands"",""Виргинские Острова (Брит.)"",""Virgin Islands"",""Британские Виргинские острова""}";"18.402439";"-64.566164";"";;"Виргинские Острова";"{""timezone"":""America/Tortola"",""iso3"":""VGB"",""iso2"":""VG"",""zoom"":9,""continent"":""Америка""}";"";"";"";"";;0;""
4700249;;356559371;-286898;"";"countries_spec";"address";"country";"Виргинские острова, США";"{""United States Virgin Islands"",""Американские Виргинские острова"",""Virgin Islands"",""Virgin Islands of the United States"",""U.S. Virgin Islands""}";"17.789187";"-64.708057";"";;"Виргинские острова, США";"{""timezone"":""America/St_Thomas"",""continent"":""Америка"",""zoom"":7,""iso2"":""VI""}";"";"";"";"";;0;""
443493;;432424972;-305142;"160";"shp_countries";"address";"country";"Восточный Тимор";"{""Восточный Тимор"",ДРВТ,DRTL,Timor-Leste,""East Timor"",""Repúblika Demokrátika Timor Lorosa'e; República Democrática de Timor-Leste"",""Democratic Republic of Timor-Leste"",Тимор-Лешти,""Демократическая Республика Восточный Тимор"",""Timór Loro Sa'e""}";"-8.515198";"125.837576";"";;"Восточный Тимор";"{""continent"":""Азия"",""zoom"":8,""iso2"":""TL"",""iso3"":""TLS"",""timezone"":""Asia/Dili""}";"";"";"";"";;0;""
443461;;424298150;-49915;"68";"shp_countries";"address";"country";"Вьетнам";"{Вьетнам,""Việt Nam"",Vietnam,""Cộng Hòa Xã Hội Chủ Nghĩa Việt Nam""}";"13.290403";"108.426511";"";;"Вьетнам";"{""iso3"":""VNM"",""iso2"":""VN"",""zoom"":6,""continent"":""Азия"",""timezone"":""Asia/Ho_Chi_Minh""}";"";"";"";"";;0;""
443557;;424311252;-192793;"78";"shp_countries";"address";"country";"Габон";"{Габон,Gabon,""République Gabonaise"",""Gabonese Republic"",""Габонская Республика""}";"-0.899969";"11.689970";"";;"Габон";"{""timezone"":""Africa/Libreville"",""iso3"":""GAB"",""iso2"":""GA"",""zoom"":7,""continent"":""Африка""}";"";"";"";"";;0;""
443665;;424297281;-307829;"145";"shp_countries";"address";"country";"Гаити";"{Гаити,Haiti,""Repiblik Ayiti"",""Republic of Haiti"",Ayiti,""République d'Haïti""}";"19.139995";"-72.357097";"";;"Гаити";"{""timezone"":""America/Port-au-Prince"",""iso3"":""HTI"",""iso2"":""HT"",""zoom"":8,""continent"":""Америка""}";"";"";"";"";;0;""
443656;;424311328;-287083;"86";"shp_countries";"address";"country";"Гайана";"{Гайана,Guyana,""Co-operative Republic of Guyana""}";"4.841710";"-58.641689";"";;"Гайана";"{""iso3"":""GUY"",""iso2"":""GY"",""zoom"":7,""continent"":""Америка"",""timezone"":""America/Guyana""}";"";"";"";"";;0;""
443654;;424297579;-192774;"168";"shp_countries";"address";"country";"Гамбия";"{Гамбия,""The Gambia"",Gambia,""Republic of The Gambia""}";"13.470062";"-15.490046";"";;"Гамбия";"{""timezone"":""Africa/Banjul"",""iso3"":""GMB"",""iso2"":""GM"",""zoom"":8,""continent"":""Африка""}";"";"";"";"";;0;""
443460;;424313836;-192781;"83";"shp_countries";"address";"country";"Гана";"{Гана,Ghana,""Republic of Ghana""}";"8.030028";"-1.080027";"";;"Гана";"{""continent"":""Африка"",""zoom"":7,""iso2"":""GH"",""iso3"":""GHA"",""timezone"":""Africa/Accra""}";"";"";"";"";;0;""
443672;;;-1401835;"185";"shp_countries";"address";"country";"Гваделупа";"{Гваделупа,Guadeloupe,""Région de la Guadeloupe""}";"16.179182";"-61.428110";"";;"Гваделупа";"{""iso3"":""GLP"",""continent"":""Америка"",""iso2"":""GP"",""zoom"":9,""timezone"":""America/Guadeloupe""}";"";"";"";"";;0;""
443465;;1644732479;-1521463;"107";"shp_countries";"address";"country";"Гватемала";"{Гватемала,Guatemala}";"15.635609";"-89.898809";"";;"Гватемала";"{""timezone"":""America/Guatemala"",""iso3"":""GTM"",""continent"":""Америка"",""iso2"":""GT"",""zoom"":7}";"";"";"";"";;0;""
443470;;;-1260551;"114";"shp_countries";"address";"country";"Гвиана";"{Гвиана,Guyane,""French Guiana"",""Французская Гвиана""}";"4.044207";"-53.015757";"";;"Гвиана";"{""iso3"":""GUF"",""iso2"":""GF"",""zoom"":8,""continent"":""Америка"",""timezone"":""America/Cayenne""}";"";"";"";"";;0;""
443549;;424297586;-192778;"80";"shp_countries";"address";"country";"Гвинея";"{Гвинея,Guinée,Guinea,""Гвинейская Республика""}";"10.722623";"-10.708359";"";;"Гвинея";"{""timezone"":""Africa/Conakry"",""iso3"":""GIN"",""iso2"":""GN"",""zoom"":7,""continent"":""Африка""}";"";"";"";"";;0;""
443451;;424297609;-192776;"139";"shp_countries";"address";"country";"Гвинея-Бисау";"{Гвинея-Бисау,Guiné-Bissau,Guinea-Bissau,""República da Guiné-Bissau""}";"12.100035";"-14.900021";"";;"Гвинея-Бисау";"{""iso3"":""GNB"",""continent"":""Африка"",""iso2"":""GW"",""zoom"":8,""timezone"":""Africa/Bissau""}";"";"";"";"";;0;""
443519;;1683325355;-51477;"64";"shp_countries";"address";"country";"Германия";"{Германия,ФРГ,BRD,Deutschland,Germany,""Bundesrepublik Deutschland"",""Федеративная Республика Германия""}";"51.083420";"10.423447";"";;"Германия";"{""timezone"":""Europe/Berlin"",""zoom"":6,""iso2"":""DE"",""continent"":""Европа"",""iso3"":""DEU""}";"";"";"";"";;0;""
443624;;;-270009;"237";"shp_countries";"address";"country";"Гернси";"{Гернси,Guernsey,""Bailiwick of Guernsey""}";"49.585438";"-2.505804";"";;"Гернси";"{""iso3"":""GGY"",""iso2"":""GG"",""zoom"":9,""continent"":""Европа"",""timezone"":""Europe/Guernsey""}";"";"";"";"";;0;""
443605;;;-1278736;"267";"shp_countries";"address";"country";"Гибралтар";"{Гибралтар,Gibraltar}";"36.131660";"-5.351725";"";;"Гибралтар";"{""timezone"":""Europe/Gibraltar"",""iso3"":""GIB"",""continent"":""Европа"",""iso2"":""GI"",""zoom"":13}";"";"";"";"";;0;""
443464;;424297629;-287670;"105";"shp_countries";"address";"country";"Гондурас";"{Гондурас,Honduras,""República de Honduras""}";"15.061069";"-84.597853";"";;"Гондурас";"{""iso3"":""HND"",""continent"":""Америка"",""iso2"":""HN"",""zoom"":7,""timezone"":""America/Tegucigalpa""}";"";"";"";"";;0;""
4700239;;24330691;-913110;"";"countries_spec";"address";"country";"Гонконг";"{""香港 Hong Kong"",""Hong Kong""}";"22.350627";"114.184916";"";;"Гонконг";"{""iso2"":""HK"",""zoom"":7,""continent"":""Азия"",""timezone"":""Asia/Hong_Kong""}";"";"";"";"";;0;""
443592;;424316074;-550727;"211";"shp_countries";"address";"country";"Гренада";"{Гренада,Grenada}";"12.136037";"-61.690404";"";;"Гренада";"{""timezone"":""America/Grenada"",""zoom"":9,""iso2"":""GD"",""continent"":""Америка"",""iso3"":""GRD""}";"";"";"";"";;0;""
443476;;424312026;-2184073;"13";"shp_countries";"address";"country";"Гренландия";"{Гренландия,""Kalaallit Nunaat"",Greenland}";"77.619235";"-42.812597";"";;"Гренландия";"{""iso3"":""GRL"",""continent"":""Америка"",""iso2"":""GL"",""zoom"":4}";"";"";"";"";;0;""
443533;;432424989;-192307;"98";"shp_countries";"address";"country";"Греция";"{Греция,Ελλάδα,Greece,""Ελληνική Δημοκρατία"",Hellas,""Греческая Республика""}";"39.000041";"21.999957";"";;"Греция";"{""timezone"":""Europe/Athens"",""continent"":""Европа"",""zoom"":7,""iso2"":""GR"",""iso3"":""GRC""}";"";"";"";"";;0;""
443614;;;-28699;"272";"shp_countries";"address";"country";"Грузия";"{Грузия,საქართველო,Georgia}";"42.321152";"43.530739";"";;"Грузия";"{""continent"":""Азия"",""zoom"":8,""iso2"":""GE"",""iso3"":""GEO"",""timezone"":""Asia/Tbilisi""}";"";"";"";"";;0;""
443655;;;-306001;"198";"shp_countries";"address";"country";"Гуам";"{Гуам,Guam}";"13.444138";"144.733626";"";;"Гуам";"{""iso3"":""GUM"",""continent"":""Австралия и Океания"",""iso2"":""GU"",""zoom"":9,""timezone"":""Pacific/Guam""}";"";"";"";"";;0;""
443527;;432424968;-50046;"134";"shp_countries";"address";"country";"Дания";"{Дания,Danmark,Denmark,""Kingdom of Denmark"",""Kongeriget Danmark""}";"55.670249";"10.333328";"";;"Дания";"{""iso3"":""DNK"",""iso2"":""DK"",""zoom"":7,""continent"":""Европа"",""timezone"":""Europe/Copenhagen""}";"";"";"";"";;0;""
443576;;433483540;-367988;"231";"shp_countries";"address";"country";"Джерси";"{Джерси,Jersey,""Bailiwick of Jersey""}";"49.221456";"-2.135839";"";;"Джерси";"{""iso3"":""JEY"",""continent"":""Европа"",""iso2"":""JE"",""zoom"":9,""timezone"":""Europe/Jersey""}";"";"";"";"";;0;""
443593;;;-192801;"152";"shp_countries";"address";"country";"Джибути";"{Джибути,Djibouti}";"11.852706";"42.737704";"";;"Джибути";"{""zoom"":8,""iso2"":""DJ"",""continent"":""Африка"",""iso3"":""DJI"",""timezone"":""Africa/Djibouti""}";"";"";"";"";;0;""
443620;;424297496;-307823;"193";"shp_countries";"address";"country";"Доминика";"{Доминика,Dominica,""Commonwealth of Dominica""}";"15.411314";"-61.365362";"";;"Доминика";"{""timezone"":""America/Dominica"",""iso3"":""DMA"",""iso2"":""DM"",""zoom"":9,""continent"":""Америка""}";"";"";"";"";;0;""
443535;;246422158;-307828;"132";"shp_countries";"address";"country";"Доминиканская Республика";"{""Доминиканская Республика"",""República Dominicana"",""Dominican Republic""}";"19.094175";"-70.301270";"";;"Доминиканская Республика";"{""timezone"":""America/Santo_Domingo"",""iso3"":""DOM"",""iso2"":""DO"",""zoom"":8,""continent"":""Америка""}";"";"";"";"";;0;""
443586;;435981993;-192795;"11";"shp_countries";"address";"country";"ДРК";"{ДРК,DRC,""République Démocratique du Congo"",""Democratic Republic of the Congo"",""Демократическая Республика Конго"",""Congo-Kinshasa;Congo (Kinshasa);Congo;RD Congo;RDC"",Congo-Kinshasa,""DR Congo""}";"-2.981434";"23.822264";"";;"ДРК";"{""iso3"":""COD"",""continent"":""Африка"",""iso2"":""CD"",""zoom"":5}";"";"";"";"";;0;""
443559;;424316018;-1473947;"31";"shp_countries";"address";"country";"Египет";"{Египет,АРЕ,مصر,Egypt,""جمهورية مصر العربية"",""Arab Republic of Egypt"",""Арабская Республика Египет"",""مصر (Egypt)""}";"26.254049";"29.267547";"";;"Египет";"{""zoom"":6,""iso2"":""EG"",""continent"":""Африка"",""iso3"":""EGY"",""timezone"":""Africa/Cairo""}";"";"";"";"";;0;""
443459;;432425123;-195271;"39";"shp_countries";"address";"country";"Замбия";"{Замбия,Zambia,""Republic of Zambia"",""Республика Замбия""}";"-14.518624";"27.559916";"";;"Замбия";"{""iso3"":""ZMB"",""iso2"":""ZM"",""zoom"":6,""continent"":""Африка"",""timezone"":""Africa/Lusaka""}";"";"";"";"";;0;""
4700243;;2000314677;-2559126;"";"countries_spec";"address";"country";"Западная Сахара";"{""الصحراء الغربية"",""Western Sahara""}";"24.179732";"-13.766785";"";;"Западная Сахара";"{""continent"":""Африка"",""zoom"":7,""iso2"":""EH"",""iso3"":""ESH""}";"";"";"";"";;0;""
443520;;2110225115;-1703814;"175";"shp_countries";"address";"country";"Зап. бер. р. Иордан";"{""Зап. бер. р. Иордан"",فلسطين,Palestine,Палестина}";"31.649741";"35.162072";"";;"Зап. бер. р. Иордан";"{""zoom"":8,""iso2"":""PS"",""continent"":""Азия"",""iso3"":""PSE"",""timezone"":""Asia/Gaza""}";"";"";"";"";;0;""
443525;;1640880787;-195272;"62";"shp_countries";"address";"country";"Зимбабве";"{Зимбабве,Zimbabwe,""Republic of Zimbabwe"",""Республика Зимбабве""}";"-18.455496";"29.746841";"";;"Зимбабве";"{""zoom"":7,""iso2"":""ZW"",""continent"":""Африка"",""iso3"":""ZWE"",""timezone"":""Africa/Harare""}";"";"";"";"";;0;""
443481;;424297647;-1473946;"153";"shp_countries";"address";"country";"Израиль";"{Израиль,ישראל,Israel,""מדינת ישראל"",""State of Israel"",""Государство Израиль""}";"30.876027";"35.001520";"";;"Израиль";"{""iso3"":""ISR"",""continent"":""Азия"",""iso2"":""IL"",""zoom"":7,""timezone"":""Asia/Jerusalem""}";"";"";"";"";;0;""
443469;;424314145;-304716;"8";"shp_countries";"address";"country";"Индия";"{Индия,India,""भारत गणराज्य"",""Republic of India"",""Республика Индия""}";"22.351115";"78.667743";"";;"Индия";"{""zoom"":5,""iso2"":""IN"",""continent"":""Азия"",""iso3"":""IND"",""timezone"":""Asia/Kolkata""}";"";"";"";"";;0;""
443649;;424311942;-304751;"16";"shp_countries";"address";"country";"Индонезия";"{Индонезия,Indonesia,""Republik Indonesia"",""Republic of Indonesia"",""Республика Индонезия""}";"-4.799336";"114.563203";"";;"Индонезия";"{""iso3"":""IDN"",""continent"":""Азия"",""iso2"":""ID"",""zoom"":5}";"";"";"";"";;0;""
443458;;424316216;-184818;"113";"shp_countries";"address";"country";"Иордания";"{Иордания,ИХК,HKJ,الزرقاء,Jordan,""المملكة الأردنية الهاشمية"",""Hashemite Kingdom of Jordan"",""Иорданское Хашимитское Королевство"",الأردن}";"31.166705";"36.941628";"";;"Иордания";"{""iso3"":""JOR"",""continent"":""Азия"",""iso2"":""JO"",""zoom"":7,""timezone"":""Asia/Amman""}";"";"";"";"";;0;""
443495;;424316205;-304934;"57";"shp_countries";"address";"country";"Ирак";"{Ирак,العراق,Iraq,""جمهورية العراق"",""Republic of Iraq"",""Республика Ирак""}";"33.095579";"44.174977";"";;"Ирак";"{""timezone"":""Asia/Baghdad"",""continent"":""Азия"",""zoom"":6,""iso2"":""IQ"",""iso3"":""IRQ""}";"";"";"";"";;0;""
443486;;424298311;-304938;"19";"shp_countries";"address";"country";"Иран";"{Иран,ИРИ,IRI,ایران,Iran,""جمهوری اسلامی ایران"",""Islamic Republic of Iran"",""Исламская Республика Иран"",‏ايران‎}";"32.940750";"52.947134";"";;"Иран";"{""timezone"":""Asia/Tehran"",""iso3"":""IRN"",""iso2"":""IR"",""zoom"":6,""continent"":""Азия""}";"";"";"";"";;0;""
443591;;1420871007;-62273;"122";"shp_countries";"address";"country";"Ирландия";"{Ирландия,Ireland,""Republic of Ireland""}";"52.865196";"-7.979460";"";;"Ирландия";"{""timezone"":""Europe/Dublin"",""iso3"":""IRL"",""continent"":""Европа"",""iso2"":""IE"",""zoom"":7}";"";"";"";"";;0;""
443511;;424314784;-299133;"108";"shp_countries";"address";"country";"Исландия";"{Исландия,Ísland,Iceland,""Lýðveldið Ísland"",""Republic of Iceland""}";"64.984182";"-18.105901";"";;"Исландия";"{""timezone"":""Atlantic/Reykjavik"",""iso3"":""ISL"",""continent"":""Европа"",""iso2"":""IS"",""zoom"":6}";"";"";"";"";;0;""
443639;;148332300;-1311341;"52";"shp_countries";"address";"country";"Испания";"{Испания,España,Spain,""Reino de España"",""Kingdom of Spain""}";"40.002803";"-4.003104";"";;"Испания";"{""timezone"":""Europe/Madrid"",""iso3"":""ESP"",""iso2"":""ES"",""zoom"":6,""continent"":""Европа""}";"";"";"";"";;0;""
443560;;26347360;-365331;"73";"shp_countries";"address";"country";"Италия";"{Италия,Italia,Italy,""Repubblica Italiana""}";"42.638426";"12.674297";"";;"Италия";"{""timezone"":""Europe/Rome"",""iso3"":""ITA"",""iso2"":""IT"",""zoom"":6,""continent"":""Европа""}";"";"";"";"";;0;""
443642;;249399459;-305092;"56";"shp_countries";"address";"country";"Йемен";"{Йемен,اليَمَن,Yemen,""الجمهورية اليمنية"",""Republic of Yemen"",""Йеменская Республика"",‏اليمن‎}";"16.347124";"47.891527";"";;"Йемен";"{""timezone"":""Asia/Aden"",""zoom"":7,""iso2"":""YE"",""continent"":""Азия"",""iso3"":""YEM""}";"";"";"";"";;0;""
443504;;424311151;-535774;"177";"shp_countries";"address";"country";"Кабо-Верде";"{Кабо-Верде,""Cabo Verde"",""República de Cabo Verde"",""Republic of Cape Verde"",""Республика Кабо-Верде"",""Cape Verde""}";"16.000055";"-24.008395";"";;"Кабо-Верде";"{""iso3"":""CPV"",""iso2"":""CV"",""zoom"":7,""continent"":""Африка"",""timezone"":""Atlantic/Cape_Verde""}";"";"";"";"";;0;""
443574;;424311521;-214665;"10";"shp_countries";"address";"country";"Казахстан";"{Казахстан,Қазақстан,Kazakhstan,""Republic of Kazakhstan""}";"47.228609";"65.209320";"";;"Казахстан";"{""zoom"":5,""iso2"":""KZ"",""continent"":""Азия"",""iso3"":""KAZ""}";"";"";"";"";;0;""
443531;;432424952;-49898;"91";"shp_countries";"address";"country";"Камбоджа";"{Камбоджа,Cambodia,""Королевство Камбоджа"",ព្រះរាជាណាចក្រកម្ពុជា}";"13.506639";"104.869423";"";;"Камбоджа";"{""iso3"":""KHM"",""iso2"":""KH"",""zoom"":7,""continent"":""Азия"",""timezone"":""Asia/Phnom_Penh""}";"";"";"";"";;0;""
443607;;424315932;-192830;"54";"shp_countries";"address";"country";"Камерун";"{Камерун,""Cameroun - Cameroon"",Cameroon,""Republic of Cameroon;République du Cameroun"",""Республика Камерун"",Cameroun}";"4.612552";"13.153581";"";;"Камерун";"{""timezone"":""Africa/Douala"",""iso3"":""CMR"",""iso2"":""CM"",""zoom"":7,""continent"":""Африка""}";"";"";"";"";;0;""
443477;;424313760;-1428125;"3";"shp_countries";"address";"country";"Канада";"{Канада,Canada}";"61.066692";"-107.991707";"";;"Канада";"{""iso3"":""CAN"",""iso2"":""CA"",""zoom"":4,""continent"":""Америка""}";"";"";"";"";;0;""
443501;;432425062;-305095;"166";"shp_countries";"address";"country";"Катар";"{Катар,قطر,Qatar,""دولة قطر"",""Государство Катар"",‏قطر‎}";"25.333698";"51.229530";"";;"Катар";"{""iso3"":""QAT"",""continent"":""Азия"",""iso2"":""QA"",""zoom"":8,""timezone"":""Asia/Qatar""}";"";"";"";"";;0;""
443562;;424313903;-192798;"48";"shp_countries";"address";"country";"Кения";"{Кения,Kenya,""Republic of Kenya;Jamhuri ya Kenya"",""Республика Кения""}";"1.441968";"38.431397";"";;"Кения";"{""timezone"":""Africa/Nairobi"",""zoom"":6,""iso2"":""KE"",""continent"":""Африка"",""iso3"":""KEN""}";"";"";"";"";;0;""
443506;;;-307787;"171";"shp_countries";"address";"country";"Кипр";"{Кипр,""Κύπρος - Kıbrıs"",Cyprus,""Κυπριακή Δημοκρατία - Kıbrıs Cumhuriyeti"",""Republic of Cyprus"",""Республика Кипр""}";"35.169563";"33.139640";"";;"Кипр";"{""timezone"":""Asia/Nicosia"",""continent"":""Азия"",""zoom"":8,""iso2"":""CY"",""iso3"":""CYP""}";"";"";"";"";;0;""
443534;;1700777271;-178009;"88";"shp_countries";"address";"country";"Киргизия";"{Киргизия,Кыргызстан,Kyrgyzstan,""Киргизская Республика""}";"41.508932";"74.724091";"";;"Киргизия";"{""iso3"":""KGZ"",""iso2"":""KG"",""zoom"":7,""continent"":""Азия"",""timezone"":""Asia/Bishkek""}";"";"";"";"";;0;""
443447;;432425015;-571178;"190";"shp_countries";"address";"country";"Кирибати";"{Кирибати,Kiribati,""Republic of Kiribati"",""Республика Кирибати""}";"0.448328";"-171.664539";"";;"Кирибати";"{""zoom"":5,""iso2"":""KI"",""continent"":""Австралия и Океания"",""iso3"":""KIR""}";"";"";"";"";;0;""
443648;;424313582;-270056;"4";"shp_countries";"address";"country";"Китай";"{Китай,КНР,PRC,中华人民共和国,""People's Republic of China"",""Китайская Народная Республика"",中华人民共和国/China}";"35.000074";"104.999927";"";;"Китай";"{""continent"":""Азия"",""zoom"":5,""iso2"":""CN"",""iso3"":""CHN""}";"";"";"";"";;0;""
443507;;249399361;-192734;"101";"shp_countries";"address";"country";"КНДР";"{КНДР,DPRK,조선민주주의인민공화국,""North Korea"",""Корейская Народно-Демократическая Республика"",""Democratic People's Republic of Korea (DPRK)"",""Северная Корея"",""Народно-Демократическая Республика Корея"",""조선민주주의인민공화국/North Korea""}";"40.312396";"127.399971";"";;"КНДР";"{""zoom"":7,""iso2"":""KP"",""continent"":""Азия"",""iso3"":""PRK"",""timezone"":""Asia/Pyongyang""}";"";"";"";"";;0;""
4700241;;424313764;-82636;"";"countries_spec";"address";"country";"Кокосовые (Килинг) острова";"{""Cocos (Keeling) Islands"",""Territory of the Cocos (Keeling) Islands""}";"-12.169189";"96.830144";"";;"Кокосовые (Килинг) острова";"{""continent"":""Австралия и Океания"",""iso2"":""CC"",""zoom"":7}";"";"";"";"";;0;""
443609;;424314631;-120027;"27";"shp_countries";"address";"country";"Колумбия";"{Колумбия,Colombia,""República de Colombia"",""Republic of Colombia"",""Республика Колумбия""}";"2.893078";"-73.784507";"";;"Колумбия";"{""timezone"":""America/Bogota"",""continent"":""Америка"",""zoom"":6,""iso2"":""CO"",""iso3"":""COL""}";"";"";"";"";;0;""
443581;;249399360;-535790;"184";"shp_countries";"address";"country";"Коморы";"{Коморы,Comores,Comoros,""Union des Comores;الاتحاد ﺍﻟﻘﻤﺮي;Udzima wa Komori"",""Union of the Comoros"",""Союз Коморы"",Komori}";"-12.204518";"44.283296";"";;"Коморы";"{""continent"":""Африка"",""zoom"":8,""iso2"":""KM"",""iso3"":""COM"",""timezone"":""Indian/Comoro""}";"";"";"";"";;0;""
443492;;432425063;-192794;"65";"shp_countries";"address";"country";"Конго";"{Конго,""République du Congo"",""Republic of the Congo"",""Congo-Brazzaville;Congo (Brazzaville);Congo"",Congo-Brazzaville,""Congo (Brazzaville)""}";"-0.726433";"15.641916";"";;"Конго";"{""timezone"":""Africa/Brazzaville"",""iso3"":""COG"",""continent"":""Африка"",""iso2"":""CG"",""zoom"":7}";"";"";"";"";;0;""
443502;;;-2088990;"167";"shp_countries";"address";"country";"Косово";"{Косово,""АП Косово и Метохија"",""Autonomous Province of Kosovo and Metohija"",""Аутономна покрајина Косово и Метохија""}";"42.560888";"20.907332";"";;"Косово";"{""zoom"":9}";"";"";"";"";;0;""
443668;;424297465;-287667;"129";"shp_countries";"address";"country";"Коста-Рика";"{Коста-Рика,""Costa Rica"",""República de Costa Rica"",""Republic of Costa Rica"",""Республика Коста-Рика""}";"10.273563";"-84.073910";"";;"Коста-Рика";"{""timezone"":""America/Costa_Rica"",""zoom"":8,""iso2"":""CR"",""continent"":""Америка"",""iso3"":""CRI""}";"";"";"";"";;0;""
443561;;424314691;-192779;"69";"shp_countries";"address";"country";"Кот-д’Ивуар";"{Кот-д’Ивуар,""Côte d'Ivoire"",""Ivory Coast"",""République de Côte d’Ivoire"",""Republic of Côte d'Ivoire"",""Республика Кот д'Ивуар"",""Côte d’Ivoire"",""Republic of Côte d’Ivoire""}";"7.989737";"-5.567946";"";;"Кот-д’Ивуар";"{""iso3"":""CIV"",""continent"":""Африка"",""iso2"":""CI"",""zoom"":7,""timezone"":""Africa/Abidjan""}";"";"";"";"";;0;""
443468;;249399313;-307833;"104";"shp_countries";"address";"country";"Куба";"{Куба,Cuba,""República de Cuba"",""Republic of Cuba""}";"23.013134";"-80.832875";"";;"Куба";"{""iso3"":""CUB"",""continent"":""Америка"",""iso2"":""CU"",""zoom"":7,""timezone"":""America/Havana""}";"";"";"";"";;0;""
443564;;424313936;-305099;"159";"shp_countries";"address";"country";"Кувейт";"{Кувейт,الكويت,Kuwait,""دولة الكويت"",""State of Kuwait"",""Государство Кувейт"",‏الكويت‎}";"29.273396";"47.497948";"";;"Кувейт";"{""timezone"":""Asia/Kuwait"",""iso3"":""KWT"",""continent"":""Азия"",""iso2"":""KW"",""zoom"":7}";"";"";"";"";;0;""
443579;;;-1216719;"203";"shp_countries";"address";"country";"Кюрасао";"{Кюрасао,Curaçao}";"12.184500";"-68.964092";"";;"Кюрасао";"{""timezone"":""America/Curacao"",""iso3"":""CUW"",""continent"":""Америка"",""iso2"":""CW"",""zoom"":10}";"";"";"";"";;0;""
443569;;424316307;-49903;"85";"shp_countries";"address";"country";"Лаос";"{Лаос,ЛНДР,LPDR,ປະເທດລາວ,Laos,""Lao People's Democratic Republic"",""Лаосская Народно-Демократическая Республика""}";"20.017111";"103.378253";"";;"Лаос";"{""timezone"":""Asia/Vientiane"",""iso3"":""LAO"",""continent"":""Азия"",""iso2"":""LA"",""zoom"":7}";"";"";"";"";;0;""
443613;;432425019;-72594;"125";"shp_countries";"address";"country";"Латвия";"{Латвия,Latvija,Latvia,""Latvijas Republika"",""Republic of Latvia""}";"56.866690";"24.599972";"";;"Латвия";"{""iso3"":""LVA"",""continent"":""Европа"",""iso2"":""LV"",""zoom"":7,""timezone"":""Europe/Riga""}";"";"";"";"";;0;""
443540;;424315267;-2093234;"142";"shp_countries";"address";"country";"Лесото";"{Лесото,Lesotho,""Kingdom of Lesotho;Muso oa Lesotho"",""Королевство Лесото"",""Muso oa Lesotho"",""Kingdom of Lesotho""}";"-29.628684";"28.233470";"";;"Лесото";"{""iso3"":""LSO"",""iso2"":""LS"",""zoom"":8,""continent"":""Африка"",""timezone"":""Africa/Maseru""}";"";"";"";"";;0;""
443666;;424311573;-192780;"110";"shp_countries";"address";"country";"Либерия";"{Либерия,Liberia,الأقصر,""Republic of Liberia""}";"5.749972";"-9.365852";"";;"Либерия";"{""zoom"":7,""iso2"":""LR"",""continent"":""Африка"",""iso3"":""LBR"",""timezone"":""Africa/Monrovia""}";"";"";"";"";;0;""
443566;;424297742;-184843;"170";"shp_countries";"address";"country";"Ливан";"{Ливан,لبنان,Lebanon,""الجمهورية اللبنانية"",""Republic of Lebanon"",""Ливанская Республика""}";"33.875063";"35.843409";"";;"Ливан";"{""continent"":""Азия"",""zoom"":8,""iso2"":""LB"",""iso3"":""LBN"",""timezone"":""Asia/Beirut""}";"";"";"";"";;0;""
443487;;432425023;-192758;"18";"shp_countries";"address";"country";"Ливия";"{Ливия,ليبيا,Libya,""الجماهيرية العربية الليبية الشعبية الإشتراكية العظمى"",""Great Socialist People's Libyan Arab Jamahiriya"",""Социалистическая Народная Ливийская Арабская Джамахирия"",""ليبيا (Libya)""}";"26.823447";"18.123672";"";;"Ливия";"{""timezone"":""Africa/Tripoli"",""iso3"":""LBY"",""continent"":""Африка"",""iso2"":""LY"",""zoom"":6}";"";"";"";"";;0;""
443670;;424297773;-72596;"124";"shp_countries";"address";"country";"Литва";"{Литва,Lietuva,Lithuania,""Republic of Lithuania""}";"55.350000";"23.750000";"";;"Литва";"{""continent"":""Европа"",""zoom"":7,""iso2"":""LT"",""iso3"":""LTU"",""timezone"":""Europe/Vilnius""}";"";"";"";"";;0;""
443619;;;-1155955;"228";"shp_countries";"address";"country";"Лихтенштейн";"{Лихтенштейн,Liechtenstein,""Fürstentum Liechtenstein""}";"47.159341";"9.546939";"";;"Лихтенштейн";"{""timezone"":""Europe/Vaduz"",""iso3"":""LIE"",""continent"":""Европа"",""iso2"":""LI"",""zoom"":10}";"";"";"";"";;0;""
443450;;424298019;-2171347;"180";"shp_countries";"address";"country";"Люксембург";"{Люксембург,Luxembourg,""Groussherzogtum Lëtzebuerg"",""Великое Герцогство Люксембург"",Luxemburg,""Grand Duchy of Luxembourg""}";"49.815868";"6.129675";"";;"Люксембург";"{""iso3"":""LUX"",""iso2"":""LU"",""zoom"":9,""continent"":""Европа"",""timezone"":""Europe/Luxembourg""}";"";"";"";"";;0;""
443536;;1708980402;-535828;"183";"shp_countries";"address";"country";"Маврикий";"{Маврикий,Mauritius,""Republic of Mauritius"",""Республика Маврикий""}";"-20.275945";"57.570357";"";;"Маврикий";"{""timezone"":""Indian/Mauritius"",""iso3"":""MUS"",""iso2"":""MU"",""zoom"":9,""continent"":""Африка""}";"";"";"";"";;0;""
443584;;424316493;-192763;"30";"shp_countries";"address";"country";"Мавритания";"{Мавритания,موريتانيا,Mauritania,""الجمهورية الإسلامية الموريتانية"",""Islamic Republic of Mauritania""}";"20.254038";"-9.239926";"";;"Мавритания";"{""iso3"":""MRT"",""iso2"":""MR"",""zoom"":6,""continent"":""Африка"",""timezone"":""Africa/Nouakchott""}";"";"";"";"";;0;""
443490;;432425028;-447325;"47";"shp_countries";"address";"country";"Мадагаскар";"{Мадагаскар,Madagascar,""Repoblikan'i Madagasikara"",""Republic of Madagascar"",""Республика Мадагаскар"",Madagasikara,Мадагаска́р}";"-18.924960";"46.441642";"";;"Мадагаскар";"{""timezone"":""Indian/Antananarivo"",""iso3"":""MDG"",""continent"":""Африка"",""iso2"":""MG"",""zoom"":6}";"";"";"";"";;0;""
443597;;;-1259885;"210";"shp_countries";"address";"country";"Майотта";"{Майотта,Mayotte}";"-12.821211";"45.129494";"";;"Майотта";"{""timezone"":""Indian/Mayotte"",""continent"":""Африка"",""zoom"":8,""iso2"":""YT"",""iso3"":""MYT""}";"";"";"";"";;0;""
4700251;;1939592594;-1867188;"";"countries_spec";"address";"country";"Макао";"{""澳門 Macau"",Macau,""Macau Special Administrative Region of the People's Republic of China""}";"22.191951";"113.538122";"";;"Макао";"{""timezone"":""Asia/Macau"",""zoom"":7,""iso2"":""MO"",""continent"":""Азия""}";"";"";"";"";;0;""
443475;;424297810;-53293;"149";"shp_countries";"address";"country";"Македония";"{Македония,БЮРМ,FYRM,Македонија,Macedonia,""Република Македонија"",""Republic of Macedonia""}";"41.617121";"21.716839";"";;"Македония";"{""continent"":""Европа"",""zoom"":8,""iso2"":""MK"",""iso3"":""MKD"",""timezone"":""Europe/Skopje""}";"";"";"";"";;0;""
443510;;424311645;-195290;"102";"shp_countries";"address";"country";"Малави";"{Малави,Malawi,""Republic of Malaŵi;Dziko la Malaŵi"",""Республика Малави""}";"-13.268720";"33.930196";"";;"Малави";"{""continent"":""Африка"",""zoom"":7,""iso2"":""MW"",""iso3"":""MWI"",""timezone"":""Africa/Blantyre""}";"";"";"";"";;0;""
443491;;2134362766;-2108121;"66";"shp_countries";"address";"country";"Малайзия";"{Малайзия,Malaysia}";"2.392376";"112.847194";"";;"Малайзия";"{""iso3"":""MYS"",""iso2"":""MY"",""zoom"":6,""continent"":""Азия""}";"";"";"";"";;0;""
443602;;424297816;-192785;"23";"shp_countries";"address";"country";"Мали";"{Мали,Mali,""République du Mali"",""Republic of Mali""}";"16.370036";"-2.290024";"";;"Мали";"{""continent"":""Африка"",""zoom"":6,""iso2"":""ML"",""iso3"":""MLI"",""timezone"":""Africa/Bamako""}";"";"";"";"";;0;""
4700256;;;-2185386;"";"countries_spec";"address";"country";"Малые Тихоокеанские Отдаленные острова Соединенных Штатов";"{""United States Minor Outlying Islands""}";"28.224067";"-177.369964";"";;"Малые Тихоокеанские Отдаленные острова Соединенных Штатов";"{""continent"":""Америка, Австралия и Океания"",""zoom"":7,""iso2"":""UM""}";"";"";"";"";;0;""
443645;;;-536773;"219";"shp_countries";"address";"country";"Мальдивы";"{Мальдивы,""ދިވެހިރާއްޖޭގެ ޖުމުހޫރިއްޔާ"",Maldives}";"3.252239";"73.247172";"";;"Мальдивы";"{""timezone"":""Indian/Maldives"",""iso3"":""MDV"",""continent"":""Азия"",""iso2"":""MV"",""zoom"":7}";"";"";"";"";;0;""
443600;;432425032;-365307;"216";"shp_countries";"address";"country";"Мальта";"{Мальта,Malta,""Repubblika ta' Malta""}";"35.944673";"14.383631";"";;"Мальта";"{""continent"":""Европа"",""zoom"":9,""iso2"":""MT"",""iso3"":""MLT"",""timezone"":""Europe/Malta""}";"";"";"";"";;0;""
443523;;432425041;-192691;"60";"shp_countries";"address";"country";"Марокко";"{Марокко,""Maroc  المغرب ⵍⵎⴰⵖⵔⵉⴱ"",Morocco,""المملكة المغربية"",""Kingdom of Morocco""}";"31.172819";"-7.336604";"";;"Марокко";"{""iso3"":""MAR"",""iso2"":""MA"",""zoom"":6,""continent"":""Африка""}";"";"";"";"";;0;""
443508;;;-1891495;"187";"shp_countries";"address";"country";"Мартиника";"{Мартиника,Martinique}";"14.652174";"-61.008025";"";;"Мартиника";"{""continent"":""Америка"",""zoom"":9,""iso2"":""MQ"",""iso3"":""MTQ"",""timezone"":""America/Martinique""}";"";"";"";"";;0;""
443537;;;-571771;"201";"shp_countries";"address";"country";"Маршалловы Острова";"{""Маршалловы Острова"",""Aolepān Aorōkin M̧ajeļ"",""Marshall Islands""}";"9.058000";"167.464302";"";;"Маршалловы Острова";"{""continent"":""Австралия и Океания"",""zoom"":5,""iso2"":""MH"",""iso3"":""MHL""}";"";"";"";"";;0;""
443553;;432425036;-114686;"14";"shp_countries";"address";"country";"Мексика";"{Мексика,México,Mexico,""Estados Unidos Mexicanos"",""United Mexican States""}";"22.500048";"-100.000037";"";;"Мексика";"{""timezone"":""America/Mexico_City"",""continent"":""Америка"",""zoom"":6,""iso2"":""MX"",""iso3"":""MEX""}";"";"";"";"";;0;""
443629;;424311658;-195273;"37";"shp_countries";"address";"country";"Мозамбик";"{Мозамбик,Mozambique,""República de Moçambique;République du Mozambique"",""Республика Мозамбик"",Moçambique}";"-19.302233";"34.914498";"";;"Мозамбик";"{""zoom"":6,""iso2"":""MZ"",""continent"":""Африка"",""iso3"":""MOZ"",""timezone"":""Africa/Maputo""}";"";"";"";"";;0;""
443452;;424316417;-58974;"140";"shp_countries";"address";"country";"Молдавия";"{Молдавия,Moldova,Молдова,""Republica Moldova"",""The Republic of Moldova"",""Республика Молдова""}";"47.286747";"28.511024";"";;"Молдавия";"{""timezone"":""Europe/Chisinau"",""iso3"":""MDA"",""continent"":""Европа"",""iso2"":""MD"",""zoom"":8}";"";"";"";"";;0;""
443539;;1790048269;-1124039;"260";"shp_countries";"address";"country";"Монако";"{Монако,Monaco,""Principatu de Múnegu"",""Principality of Monaco"",""Principauté de Monaco""}";"43.731245";"7.419744";"";;"Монако";"{""timezone"":""Europe/Monaco"",""iso3"":""MCO"",""continent"":""Европа"",""iso2"":""MC"",""zoom"":13}";"";"";"";"";;0;""
443541;;;-161033;"20";"shp_countries";"address";"country";"Монголия";"{Монголия,""Монгол улс"",Mongolia}";"46.865623";"105.425204";"";;"Монголия";"{""zoom"":5,""iso2"":""MN"",""continent"":""Азия"",""iso3"":""MNG""}";"";"";"";"";;0;""
443529;;424314005;-537257;"236";"shp_countries";"address";"country";"Монтсеррат";"{Монтсеррат,Montserrat}";"16.741704";"-62.191684";"";;"Монтсеррат";"{""iso3"":""MSR"",""continent"":""Америка"",""iso2"":""MS"",""zoom"":9,""timezone"":""America/Montserrat""}";"";"";"";"";;0;""
443455;;424316478;-50371;"41";"shp_countries";"address";"country";"Мьянма";"{Мьянма,မြန်မာ,Myanmar,""Союз Мьянма"",ပြည်ထောင်စုမြန်မာနိုင်ငံတော်‌}";"17.175049";"95.999965";"";;"Мьянма";"{""iso3"":""MMR"",""continent"":""Азия"",""iso2"":""MM"",""zoom"":6,""timezone"":""Asia/Rangoon""}";"";"";"";"";;0;""
443628;;424311662;-195266;"36";"shp_countries";"address";"country";"Намибия";"{Намибия,Namibia,""Republic of Namibia;Republiek van Namibia;Republik Namibia"",""Республика Намибия""}";"-23.233550";"17.323111";"";;"Намибия";"{""continent"":""Африка"",""zoom"":6,""iso2"":""NA"",""iso3"":""NAM"",""timezone"":""Africa/Windhoek""}";"";"";"";"";;0;""
443626;;424297917;-571804;"249";"shp_countries";"address";"country";"Науру";"{Науру,Nauru,""Republic of Nauru;Republik Naoero"",""Республика Науру"",Naoero}";"-0.524962";"166.933301";"";;"Науру";"{""timezone"":""Pacific/Nauru"",""continent"":""Австралия и Океания"",""zoom"":10,""iso2"":""NR"",""iso3"":""NRU""}";"";"";"";"";;0;""
443660;;249399402;-184633;"94";"shp_countries";"address";"country";"Непал";"{Непал,ФДРН,FDRN,Nepal,""Sanghiya Loktantrik Ganatantratmak Nepāl"",""Федеративная Демократическая Республика Непал"",नेपाल}";"28.108318";"84.091679";"";;"Непал";"{""iso3"":""NPL"",""continent"":""Азия"",""iso2"":""NP"",""zoom"":7,""timezone"":""Asia/Kathmandu""}";"";"";"";"";;0;""
443583;;424311675;-192786;"26";"shp_countries";"address";"country";"Нигер";"{Нигер,Niger,""République du Niger"",""Republic of Niger"",""Республика Нигер""}";"17.735621";"9.323843";"";;"Нигер";"{""timezone"":""Africa/Niamey"",""zoom"":6,""iso2"":""NE"",""continent"":""Африка"",""iso3"":""NER""}";"";"";"";"";;0;""
443567;;424316663;-192787;"33";"shp_countries";"address";"country";"Нигерия";"{Нигерия,Nigeria,""Federal Republic of Nigeria""}";"9.600036";"7.999972";"";;"Нигерия";"{""timezone"":""Africa/Lagos"",""zoom"":6,""iso2"":""NG"",""continent"":""Африка"",""iso3"":""NGA""}";"";"";"";"";;0;""
443446;;424297217;-2323309;"138";"shp_countries";"address";"country";"Нидерланды";"{Нидерланды,Nederland,""The Netherlands"",""Koninkrijk der Nederlanden"",""Kingdom of the Netherlands""}";"52.500170";"5.748082";"";;"Нидерланды";"{""continent"":""Европа"",""zoom"":8,""iso2"":""NL"",""iso3"":""NLD""}";"";"";"";"";;0;""
443512;;424316671;-287666;"99";"shp_countries";"address";"country";"Никарагуа";"{Никарагуа,Nicaragua,""República de Nicaragua""}";"12.372493";"-84.870031";"";;"Никарагуа";"{""timezone"":""America/Managua"",""zoom"":7,""iso2"":""NI"",""continent"":""Америка"",""iso3"":""NIC""}";"";"";"";"";;0;""
443594;;433483552;-1558556;"222";"shp_countries";"address";"country";"Ниуэ";"{Ниуэ,Niue,""Rock of Polynesia"",Niuē}";"-19.053641";"-169.861341";"";;"Ниуэ";"{""continent"":""Австралия и Океания"",""zoom"":7,""iso2"":""NU"",""iso3"":""NIU"",""timezone"":""Pacific/Niue""}";"";"";"";"";;0;""
443545;;248120384;-556706;"77";"shp_countries";"address";"country";"Новая Зеландия";"{""Новая Зеландия"",""New Zealand"",""New Zealand/Aotearoa""}";"-41.500083";"172.834408";"";;"Новая Зеландия";"{""continent"":""Австралия и Океания"",""zoom"":6,""iso2"":""NZ"",""iso3"":""NZL"",""timezone"":""Pacific/Auckland""}";"";"";"";"";;0;""
443503;;;-3407643;"157";"shp_countries";"address";"country";"Новая Каледония";"{""Новая Каледония"",Nouvelle-Calédonie,""New Caledonia""}";"-20.454289";"164.556606";"";;"Новая Каледония";"{""iso3"":""NCL"",""continent"":""Австралия и Океания"",""iso2"":""NC"",""zoom"":7,""timezone"":""Pacific/Noumea""}";"";"";"";"";;0;""
443462;;424297198;-2978650;"70";"shp_countries";"address";"country";"Норвегия";"{Норвегия,Norge,Norway,""Kongeriket Norge"",""Kingdom of Norway""}";"60.500021";"9.099971";"";;"Норвегия";"{""zoom"":5,""iso2"":""NO"",""continent"":""Европа"",""iso3"":""NOR""}";"";"";"";"";;0;""
443643;;424311679;-2574988;"244";"shp_countries";"address";"country";"Норфолк";"{Норфолк,""Norfolk Island"",""Остров Норфолк"",""Territory of Norfolk Island""}";"-29.033336";"167.949581";"";;"Норфолк";"{""zoom"":8,""iso2"":""NF"",""continent"":""Австралия и Океания"",""iso3"":""NFK""}";"";"";"";"";;0;""
443610;;424310703;-307763;"119";"shp_countries";"address";"country";"ОАЭ";"{ОАЭ,UAE,""الإمارات العربية المتحدة"",""United Arab Emirates"",""Объединённые Арабские Эмираты"",""الإمارات العربيّة المتّحدة""}";"24.000249";"53.999483";"";;"ОАЭ";"{""timezone"":""Asia/Dubai"",""continent"":""Азия"",""zoom"":7,""iso2"":""AE"",""iso3"":""ARE""}";"";"";"";"";;0;""
443463;;424315291;-305138;"71";"shp_countries";"address";"country";"Оман";"{Оман,عُمان,Oman,""سلطنة عُمان"",""Sultanate of Oman"",""Султанат Оман"",""‏سلطنة عمان‎""}";"21.000029";"57.003690";"";;"Оман";"{""iso3"":""OMN"",""iso2"":""OM"",""zoom"":7,""continent"":""Азия"",""timezone"":""Asia/Muscat""}";"";"";"";"";;0;""
443651;;249399364;-2185366;"212";"shp_countries";"address";"country";"Острова Кайман";"{""Острова Кайман"",""Cayman Islands""}";"19.541721";"-80.566713";"";;"Острова Кайман";"{""continent"":""Америка"",""zoom"":8,""iso2"":""KY"",""iso3"":""CYM""}";"";"";"";"";;0;""
443496;;249399308;-2184233;"226";"shp_countries";"address";"country";"Острова Кука";"{""Острова Кука"",""Cook Islands""}";"-16.049278";"-160.355485";"";;"Острова Кука";"{""iso3"":""COK"",""continent"":""Австралия и Океания"",""iso2"":""CK"",""zoom"":6}";"";"";"";"";;0;""
4700238;;;174996681;"";"countries_spec";"address";"country";"остров Буве";"{Bouvetøya,""Bouvet Island""}";"-54.419608";"3.365759";"";;"остров Буве";"{""zoom"":7,""iso2"":""BV"",""continent"":""Антарктика"",""iso3"":""BVT""}";"";"";"";"";;0;""
443485;;;-2573009;"252";"shp_countries";"address";"country";"Остров Клиппертон";"{""Остров Клиппертон"",""Île de Clipperton"",""Clipperton Island"",""Île de la Passion"",Clipperton}";"10.295517";"-109.220999";"";;"Остров Клиппертон";"{""iso2"":""CP"",""zoom"":8,""timezone"":""Pacific/Pitcairn""}";"";"";"";"";;0;""
443595;;;-62269;"199";"shp_countries";"address";"country";"Остров Мэн";"{""Остров Мэн"",""Isle of Man""}";"54.199500";"-4.543835";"";;"Остров Мэн";"{""continent"":""Европа"",""zoom"":9,""iso2"":""IM"",""iso3"":""IMN"",""timezone"":""Europe/Isle_of_Man""}";"";"";"";"";;0;""
4700242;;433483523;-2177207;"";"countries_spec";"address";"country";"остров Рождества";"{""Christmas Island"",""Остров Рождества"",""Territory of Christmas Island""}";"-10.487828";"105.632982";"";;"остров Рождества";"{""iso2"":""CX"",""zoom"":7,""continent"":""Австралия и Океания""}";"";"";"";"";;0;""
4700250;;2294586133;-2177227;"";"countries_spec";"address";"country";"остров Херд и острова Макдональд";"{""Heard Island and McDonald Islands"",""Остров Херд и острова Макдональд""}";"-53.024276";"72.923135";"";;"остров Херд и острова Макдональд";"{""continent"":""Антарктика"",""zoom"":7,""iso2"":""HM""}";"";"";"";"";;0;""
443631;;424314088;-307573;"35";"shp_countries";"address";"country";"Пакистан";"{Пакистан,ИРП,IRP,""‪‫پاکستان‬ Pakistan‬"",Pakistan,""Islamic Republic of Pakistan"",""Исламская Республика Пакистан"",‏پاکستان‎}";"30.330840";"71.247499";"";;"Пакистан";"{""timezone"":""Asia/Karachi"",""zoom"":6,""iso2"":""PK"",""continent"":""Азия"",""iso3"":""PAK""}";"";"";"";"";;0;""
443570;;1511934680;-571805;"204";"shp_countries";"address";"country";"Палау";"{Палау,Belau,Palau,""Beluu er a Belau"",""Республика Палау""}";"6.097367";"133.313631";"";;"Палау";"{""timezone"":""Pacific/Palau"",""zoom"":6,""iso2"":""PW"",""continent"":""Австралия и Океания"",""iso3"":""PLW""}";"";"";"";"";;0;""
443589;;424316758;-287668;"120";"shp_countries";"address";"country";"Панама";"{Панама,Panama,""República de Panamá"",""Republic of Panama"",Panamá}";"8.309607";"-81.306625";"";;"Панама";"{""timezone"":""America/Panama"",""iso3"":""PAN"",""iso2"":""PA"",""zoom"":7,""continent"":""Америка""}";"";"";"";"";;0;""
443641;;424297931;-307866;"55";"shp_countries";"address";"country";"Папуа - Новая Гвинея";"{""Папуа - Новая Гвинея"",""Papua New Guinea"",""Папуа — Новая Гвинея"",""Independent State of Papua New Guinea;Independen Stet bilong Papua Niugini"",""Независимое Государство Папуа — Новая Гвинея"",""Papua Niugini"",""Папуа - Новая Гвинея""}";"-5.681607";"144.248908";"";;"Папуа - Новая Гвинея";"{""continent"":""Австралия и Океания"",""zoom"":6,""iso2"":""PG"",""iso3"":""PNG"",""timezone"":""Pacific/Port_Moresby""}";"";"";"";"";;0;""
443524;;1644764586;-287077;"61";"shp_countries";"address";"country";"Парагвай";"{Парагвай,Paraguay,""Республика Парагвай""}";"-23.316593";"-58.169344";"";;"Парагвай";"{""continent"":""Америка"",""zoom"":6,""iso2"":""PY"",""iso3"":""PRY"",""timezone"":""America/Asuncion""}";"";"";"";"";;0;""
443676;;;-288247;"21";"shp_countries";"address";"country";"Перу";"{Перу,Perú,Peru,""República del Perú"",""Republic of Peru""}";"-10.120000";"-76.291349";"";;"Перу";"{""timezone"":""America/Lima"",""zoom"":6,""iso2"":""PE"",""continent"":""Америка"",""iso3"":""PER""}";"";"";"";"";;0;""
443483;;1388794217;-2185375;"253";"shp_countries";"address";"country";"Питкэрн";"{Питкэрн,""Pitcairn Islands"",Pitcairn,""Pitcairn, Henderson, Ducie, and Oeno Islands;Pitkern Ailen"",""Острова Питкэрн""}";"-25.065772";"-130.101782";"";;"Питкэрн";"{""continent"":""Австралия и Океания"",""zoom"":8,""iso2"":""PN"",""iso3"":""PCN""}";"";"";"";"";;0;""
443497;;432425060;-49715;"72";"shp_countries";"address";"country";"Польша";"{Польша,Polska,Poland,""Rzeczpospolita Polska"",""Republic of Poland"",""Респу́блика По́льша""}";"52.097718";"19.025816";"";;"Польша";"{""iso3"":""POL"",""continent"":""Европа"",""iso2"":""PL"",""zoom"":6,""timezone"":""Europe/Warsaw""}";"";"";"";"";;0;""
443673;;2377028247;-295480;"112";"shp_countries";"address";"country";"Португалия";"{Португалия,Portugal,""República Portuguesa""}";"40.033265";"-7.889626";"";;"Португалия";"{""continent"":""Европа"",""zoom"":7,""iso2"":""PT"",""iso3"":""PRT"",""timezone"":""Europe/Lisbon""}";"";"";"";"";;0;""
443596;;;-306157;"172";"shp_countries";"address";"country";"Пуэрто-Рико";"{Пуэрто-Рико,""Puerto Rico""}";"18.199549";"-66.385620";"";;"Пуэрто-Рико";"{""iso3"":""PRI"",""iso2"":""PR"",""zoom"":8}";"";"";"";"";;0;""
443513;;249399362;-307756;"109";"shp_countries";"address";"country";"Республика Корея";"{""Республика Корея"",대한민국,""South Korea"",""Republic of Korea"",""Южная Корея""}";"35.398501";"127.937111";"";;"Республика Корея";"{""timezone"":""Asia/Seoul"",""zoom"":7,""iso2"":""KR"",""continent"":""Азия"",""iso3"":""KOR""}";"";"";"";"";;0;""
443604;;;-1785276;"182";"shp_countries";"address";"country";"Реюньон";"{Реюньон,""La Réunion"",Réunion}";"-21.132015";"55.528257";"";;"Реюньон";"{""iso3"":""REU"",""iso2"":""RE"",""zoom"":9,""continent"":""Африка"",""timezone"":""Indian/Reunion""}";"";"";"";"";;0;""
1;;424314830;-60189;"";"osm";"address";"country";"Россия";"{""Российская Федерация"",РФ,Russia}";"64.686314";"97.745306";"";0;"Россия";"{""area"":35410828,""continent"":""Европа,Азия"",""iso2"":""RU"",""iso3"":""RUS"",""population"":""143142000"",""zoom"":3}";"";"";"";"{}";1;153;"{}"
443554;;424311738;-171496;"150";"shp_countries";"address";"country";"Руанда";"{Руанда,Rwanda,""Republic of Rwanda;Repubulika y'u Rwanda;République du Rwanda"",""Республика Руанда""}";"-1.964663";"30.064436";"";;"Руанда";"{""iso3"":""RWA"",""continent"":""Африка"",""iso2"":""RW"",""zoom"":9,""timezone"":""Africa/Kigali""}";"";"";"";"";;0;""
443612;;432425064;-90689;"84";"shp_countries";"address";"country";"Румыния";"{Румыния,România,Romania}";"45.985213";"24.685922";"";;"Румыния";"{""iso3"":""ROU"",""iso2"":""RO"",""zoom"":7,""continent"":""Европа"",""timezone"":""Europe/Bucharest""}";"";"";"";"";;0;""
443457;;424311802;-1520612;"154";"shp_countries";"address";"country";"Сальвадор";"{Сальвадор,""El Salvador"",""República de El Salvador""}";"13.800038";"-88.914068";"";;"Сальвадор";"{""timezone"":""America/El_Salvador"",""iso3"":""SLV"",""iso2"":""SV"",""zoom"":8,""continent"":""Америка""}";"";"";"";"";;0;""
443659;;1529444079;-1872673;"181";"shp_countries";"address";"country";"Самоа";"{Самоа,Samoa,""Malo Sa'oloto Tuto'atasi o Samoa"",""Independent State of Samoa"",""Независимое Государство Самоа""}";"-13.769389";"-172.120051";"";;"Самоа";"{""timezone"":""Pacific/Apia"",""continent"":""Австралия и Океания"",""zoom"":7,""iso2"":""WS"",""iso3"":""WSM""}";"";"";"";"";;0;""
443622;;424317025;-54624;"240";"shp_countries";"address";"country";"Сан-Марино";"{Сан-Марино,""San Marino"",""Республика Сан-Марино"",""Serenissima Repubblica di San Marino""}";"43.945862";"12.458306";"";;"Сан-Марино";"{""timezone"":""Europe/San_Marino"",""zoom"":12,""iso2"":""SM"",""continent"":""Европа"",""iso3"":""SMR""}";"";"";"";"";;0;""
443657;;249399429;-535880;"188";"shp_countries";"address";"country";"Сан-Томе и Принсипи";"{""Сан-Томе и Принсипи"",""São Tomé e Príncipe"",""São Tomé and Príncipe"",""Демократическая Республика Сан-Томе и Принсипи""}";"0.231437";"6.613745";"";;"Сан-Томе и Принсипи";"{""timezone"":""Africa/Sao_Tome"",""iso3"":""STP"",""continent"":""Африка"",""iso2"":""ST"",""zoom"":8}";"";"";"";"";;0;""
443578;;249399419;-307584;"15";"shp_countries";"address";"country";"Саудовская Аравия";"{""Саудовская Аравия"",السعودية,""Saudi Arabia"",""Kingdom of Saudi Arabia"",""Королевство Саудовская Аравия"",""حدود ‏المملكة العربية السعودية‎""}";"25.624262";"42.352833";"";;"Саудовская Аравия";"{""zoom"":6,""iso2"":""SA"",""continent"":""Азия"",""iso3"":""SAU"",""timezone"":""Asia/Riyadh""}";"";"";"";"";;0;""
443509;;424310680;-88210;"158";"shp_countries";"address";"country";"Свазиленд";"{Свазиленд,Swaziland,""Kingdom of Swaziland;Umbuso weSwatini"",""Королевство Свазиленд"",Swatini}";"-26.562481";"31.399132";"";;"Свазиленд";"{""timezone"":""Africa/Mbabane"",""zoom"":8,""iso2"":""SZ"",""continent"":""Африка"",""iso3"":""SWZ""}";"";"";"";"";;0;""
4700254;;1602894836;-1964272;"";"countries_spec";"address";"country";"Святая Елена, остров Вознесения, Тристан-да-Кунья";"{""Saint Helena, Ascension and Tristan da Cunha"",""Острова Святой Елены, Вознесения и Тристан-да-Кунья""}";"-16.675483";"-4.972172";"";;"Святая Елена, остров Вознесения, Тристан-да-Кунья";"{""timezone"":""Atlantic/St_Helena"",""zoom"":7,""iso2"":""SH"",""continent"":""Африка"",""iso3"":""SHN""}";"";"";"";"";;0;""
4700244;;;-306004;"";"countries_spec";"address";"country";"Северные Марианские острова";"{""Northern Mariana Islands"",""Commonwealth of the Northern Mariana Islands""}";"15.061101";"145.635093";"";;"Северные Марианские острова";"{""timezone"":""Pacific/Saipan"",""continent"":""Австралия и Океания"",""iso2"":""MP"",""zoom"":7}";"";"";"";"";;0;""
443528;;424298277;-536765;"200";"shp_countries";"address";"country";"Сейшельские Острова";"{""Сейшельские Острова"",Seychelles,Сейшелы,""Repiblik Sesel"",""Republic of Seychelles"",""Республика Сейшельские Острова"",Sesel}";"-4.657498";"55.454015";"";;"Сейшельские Острова";"{""timezone"":""Indian/Mahe"",""iso3"":""SYC"",""continent"":""Африка"",""iso2"":""SC"",""zoom"":9}";"";"";"";"";;0;""
443644;;2110225115;-1703814;"214";"shp_countries";"address";"country";"сектор Газа";"{""сектор Газа"",فلسطين,Palestine,Палестина}";"31.649741";"35.162072";"";;"сектор Газа";"{""timezone"":""Asia/Gaza"",""continent"":""Азия"",""zoom"":9,""iso2"":""PS"",""iso3"":""PSE""}";"";"";"";"";;0;""
4700252;;;24473155;"";"countries_spec";"address";"country";"Сен-Бартелеми";"{Saint-Barthélemy}";"17.903551";"-62.811443";"";;"Сен-Бартелеми";"{""iso3"":""BLM"",""iso2"":""BL"",""zoom"":7,""continent"":""Америка"",""timezone"":""America/St_Barthelemy""}";"";"";"";"";;0;""
443573;;432425075;-192775;"89";"shp_countries";"address";"country";"Сенегал";"{Сенегал,Sénégal,Senegal,""République du Sénégal""}";"14.475061";"-14.452961";"";;"Сенегал";"{""timezone"":""Africa/Dakar"",""continent"":""Африка"",""zoom"":7,""iso2"":""SN"",""iso3"":""SEN""}";"";"";"";"";;0;""
4700247;;271047515;-1891583;"";"countries_spec";"address";"country";"Сен-Мартен";"{Saint-Martin}";"18.081407";"-63.046713";"";;"Сен-Мартен";"{""timezone"":""America/Marigot"",""iso3"":""MAF"",""iso2"":""MF"",""zoom"":7,""continent"":""Америка""}";"";"";"";"";;0;""
4700245;;249399410;-3406826;"";"countries_spec";"address";"country";"Сен-Пьер и Микелон";"{Saint-Pierre-et-Miquelon,""Saint Pierre and Miquelon""}";"46.837454";"-56.212055";"";;"Сен-Пьер и Микелон";"{""iso3"":""SPM"",""continent"":""Америка"",""iso2"":""PM"",""zoom"":7,""timezone"":""America/Miquelon""}";"";"";"";"";;0;""
443548;;432425070;-550725;"208";"shp_countries";"address";"country";"Сент-Винсент и Гренадины";"{""Сент-Винсент и Гренадины"",""Saint Vincent and the Grenadines""}";"12.904470";"-61.276557";"";;"Сент-Винсент и Гренадины";"{""continent"":""Америка"",""zoom"":9,""iso2"":""VC"",""iso3"":""VCT"",""timezone"":""America/St_Vincent""}";"";"";"";"";;0;""
443625;;424310758;-536899;"217";"shp_countries";"address";"country";"Сент-Китс и Невис";"{""Сент-Китс и Невис"",""Saint Kitts and Nevis"",""Federation of Saint Christopher and Nevis"",""Federation of Saint Kitts and Nevis"",""Федерация Сент-Китс и Невис""}";"17.346228";"-62.768728";"";;"Сент-Китс и Невис";"{""iso3"":""KNA"",""continent"":""Америка"",""iso2"":""KN"",""zoom"":10,""timezone"":""America/St_Kitts""}";"";"";"";"";;0;""
443658;;424316319;-550728;"195";"shp_countries";"address";"country";"Сент-Люсия";"{Сент-Люсия,""Saint Lucia""}";"13.825049";"-60.975036";"";;"Сент-Люсия";"{""timezone"":""America/St_Lucia"",""zoom"":9,""iso2"":""LC"",""continent"":""Америка"",""iso3"":""LCA""}";"";"";"";"";;0;""
443473;;369137525;-1741311;"118";"shp_countries";"address";"country";"Сербия";"{Сербия,Србија,Serbia,""Република Србија"",""Republic of Serbia"",""Республика Сербия""}";"44.153412";"20.551440";"";;"Сербия";"{""iso3"":""SRB"",""iso2"":""RS"",""zoom"":7,""continent"":""Европа"",""timezone"":""Europe/Belgrade""}";"";"";"";"";;0;""
443526;;424313428;-536780;"196";"shp_countries";"address";"country";"Сингапур";"{Сингапур,Singapore,""Republic of Singapore"",""Республика Сингапур"",Singapura}";"1.357107";"103.819499";"";;"Сингапур";"{""iso3"":""SGP"",""continent"":""Азия"",""iso2"":""SG"",""zoom"":10,""timezone"":""Asia/Singapore""}";"";"";"";"";;0;""
443577;;;-1231790;"243";"shp_countries";"address";"country";"Синт-Мартен";"{Синт-Мартен,""Sint Maarten"",""Sint Maarten (State of)""}";"17.934500";"-63.153933";"";;"Синт-Мартен";"{""zoom"":11,""iso2"":""SX"",""continent"":""Америка"",""iso3"":""SXM"",""timezone"":""America/Curacao""}";"";"";"";"";;0;""
443669;;424311806;-184840;"90";"shp_countries";"address";"country";"Сирия";"{Сирия,سورية,Syria,""الجمهورية العربية السورية"",""Syrian Arab Republic"",""Сирийская Арабская Республика""}";"34.640186";"39.049411";"";;"Сирия";"{""timezone"":""Asia/Damascus"",""zoom"":7,""iso2"":""SY"",""continent"":""Азия"",""iso3"":""SYR""}";"";"";"";"";;0;""
443515;;432425079;-14296;"131";"shp_countries";"address";"country";"Словакия";"{Словакия,Slovensko,Slovakia,""Slovak Republic"",""Словацкая Республика"",""Slovenská republika""}";"48.741152";"19.452865";"";;"Словакия";"{""timezone"":""Europe/Bratislava"",""zoom"":8,""iso2"":""SK"",""continent"":""Европа"",""iso3"":""SVK""}";"";"";"";"";;0;""
443484;;208592566;-218657;"155";"shp_countries";"address";"country";"Словения";"{Словения,Slovenija,Slovenia,""Republika Slovenija"",""Республика Словения""}";"45.813311";"14.480837";"";;"Словения";"{""timezone"":""Europe/Ljubljana"",""iso3"":""SVN"",""continent"":""Европа"",""iso2"":""SI"",""zoom"":8}";"";"";"";"";;0;""
443587;;424317935;-148838;"5";"shp_countries";"address";"country";"Соединенные Штаты Америки";"{""Соединенные Штаты Америки"",США,USA,""United States of America"",""Соединённые Штаты Америки"",""USA;US;The States;United States""}";"39.783730";"-100.445882";"";;"Соединенные Штаты Америки";"{""continent"":""Америка"",""zoom"":5,""iso2"":""US"",""iso3"":""USA""}";"";"";"";"";;0;""
443478;;823750101;-1857436;"146";"shp_countries";"address";"country";"Соломоновы Острова";"{""Соломоновы Острова"",""Solomon Islands""}";"-9.735434";"162.828854";"";;"Соломоновы Острова";"{""timezone"":""Pacific/Guadalcanal"",""continent"":""Австралия и Океания"",""zoom"":6,""iso2"":""SB"",""iso3"":""SLB""}";"";"";"";"";;0;""
443635;;424317039;-192799;"43";"shp_countries";"address";"country";"Сомали";"{Сомали,الصومال,Somalia,""Somali Republic"",""Сомалийская Республика"",Soomaaliya}";"8.367677";"49.083416";"";;"Сомали";"{""timezone"":""Africa/Mogadishu"",""iso3"":""SOM"",""continent"":""Африка"",""iso2"":""SO"",""zoom"":6}";"";"";"";"";;0;""
443488;;;-192789;"17";"shp_countries";"address";"country";"Судан";"{Судан,""السودان (Sudan)"",Sudan}";"15.791250";"30.371424";"";;"Судан";"{""timezone"":""Africa/Khartoum"",""iso3"":""SDN"",""iso2"":""SD"",""zoom"":6,""continent"":""Африка""}";"";"";"";"";;0;""
443530;;432425087;-287082;"95";"shp_countries";"address";"country";"Суринам";"{Суринам,Suriname,""Republiek van Suriname"",""Republic of Suriname"",""Lýðveldið Ísland""}";"4.141303";"-56.077119";"";;"Суринам";"{""timezone"":""America/Paramaribo"",""zoom"":8,""iso2"":""SR"",""continent"":""Америка"",""iso3"":""SUR""}";"";"";"";"";;0;""
443590;;424314123;-192777;"121";"shp_countries";"address";"country";"Сьерра-Леоне";"{Сьерра-Леоне,""Sierra Leone"",""Republic of Sierra Leone""}";"8.640035";"-11.840027";"";;"Сьерра-Леоне";"{""iso3"":""SLE"",""continent"":""Африка"",""iso2"":""SL"",""zoom"":8,""timezone"":""Africa/Freetown""}";"";"";"";"";;0;""
443565;;424314276;-214626;"96";"shp_countries";"address";"country";"Таджикистан";"{Таджикистан,Тоҷикистон,Tajikistan,""Республика Таджикистан""}";"38.628173";"70.815654";"";;"Таджикистан";"{""iso3"":""TJK"",""iso2"":""TJ"",""zoom"":7,""continent"":""Азия"",""timezone"":""Asia/Dushanbe""}";"";"";"";"";;0;""
443638;;437146363;-2067731;"51";"shp_countries";"address";"country";"Таиланд";"{Таиланд,ประเทศไทย,Thailand,""Королевство Таиланд"",ราชอาณาจักรไทย}";"14.897192";"100.832730";"";;"Таиланд";"{""continent"":""Азия"",""zoom"":6,""iso2"":""TH"",""iso3"":""THA"",""timezone"":""Asia/Bangkok""}";"";"";"";"";;0;""
443445;;432425099;-449220;"137";"shp_countries";"address";"country";"Тайвань";"{Тайвань,台灣,Taiwan,""Китайская Республика"",中華民國,""Republic of China""}";"23.973937";"120.982018";"";;"Тайвань";"{""iso3"":""TWN"",""iso2"":""TW"",""zoom"":8,""continent"":""Азия"",""timezone"":""Asia/Taipei""}";"";"";"";"";;0;""
443547;;424314335;-195270;"32";"shp_countries";"address";"country";"Танзания";"{Танзания,Tanzania,""Den forente republikken Tanzania"",""Объединённая Республика Танзания""}";"-6.524712";"35.787844";"";;"Танзания";"{""timezone"":""Africa/Dar_es_Salaam"",""iso3"":""TZA"",""continent"":""Африка"",""iso2"":""TZ"",""zoom"":6}";"";"";"";"";;0;""
443532;;424311814;-547479;"189";"shp_countries";"address";"country";"Теркс и Кайкос";"{""Теркс и Кайкос"",""Turks and Caicos Islands"",""Острова Тёркс и Кайкос"",""Тёркс и Кайкос""}";"21.721468";"-71.620178";"";;"Теркс и Кайкос";"{""iso3"":""TCA"",""iso2"":""TC"",""zoom"":8,""continent"":""Америка"",""timezone"":""America/Grand_Turk""}";"";"";"";"";;0;""
443514;;424311827;-192782;"127";"shp_countries";"address";"country";"Того";"{Того,Togo,""République Togolaise"",""Тоголезская Республика"",""République togolaise""}";"8.780026";"1.019976";"";;"Того";"{""timezone"":""Africa/Lome"",""iso3"":""TGO"",""iso2"":""TG"",""zoom"":7,""continent"":""Африка""}";"";"";"";"";;0;""
443608;;433483572;-2186600;"245";"shp_countries";"address";"country";"Токелау";"{Токелау,Tokelau}";"-9.167639";"-171.819688";"";;"Токелау";"{""zoom"":7,""iso2"":""TK"",""continent"":""Австралия и Океания"",""iso3"":""TKL""}";"";"";"";"";;0;""
443449;;424311848;-2186665;"191";"shp_countries";"address";"country";"Тонга";"{Тонга,Tonga,""Pule'anga Fakatu'i 'o Tonga"",""Kingdom of Tonga"",""Королевство Тонга""}";"-19.916082";"-175.202642";"";;"Тонга";"{""zoom"":6,""iso2"":""TO"",""continent"":""Австралия и Океания"",""iso3"":""TON""}";"";"";"";"";;0;""
443563;;249399444;-555717;"176";"shp_countries";"address";"country";"Тринидад и Тобаго";"{""Тринидад и Тобаго"",""Trinidad and Tobago"",""Republic of Trinidad and Tobago""}";"10.867784";"-60.982107";"";;"Тринидад и Тобаго";"{""continent"":""Америка"",""zoom"":9,""iso2"":""TT"",""iso3"":""TTO"",""timezone"":""America/Port_of_Spain""}";"";"";"";"";;0;""
443601;;424317372;-2177266;"241";"shp_countries";"address";"country";"Тувалу";"{Тувалу,Tuvalu}";"-7.768959";"178.116770";"";;"Тувалу";"{""iso3"":""TUV"",""continent"":""Австралия и Океания"",""iso2"":""TV"",""zoom"":6}";"";"";"";"";;0;""
443646;;;-192757;"93";"shp_countries";"address";"country";"Тунис";"{Тунис,""Tunisie - تونس"",Tunisia}";"34.003537";"9.360772";"";;"Тунис";"{""timezone"":""Africa/Tunis"",""continent"":""Африка"",""zoom"":7,""iso2"":""TN"",""iso3"":""TUN""}";"";"";"";"";;0;""
443640;;249399440;-223026;"53";"shp_countries";"address";"country";"Туркмения";"{Туркмения,Türkmenistan,Turkmenistan,Turkmenia}";"39.376381";"59.392461";"";;"Туркмения";"{""iso3"":""TKM"",""iso2"":""TM"",""zoom"":6,""continent"":""Азия"",""timezone"":""Asia/Ashgabat""}";"";"";"";"";;0;""
443630;;424298326;-174737;"38";"shp_countries";"address";"country";"Турция";"{Турция,Türkiye,Turkey,""Türkiye Cumhuriyeti"",""Турецкая Республика""}";"38.959759";"34.924965";"";;"Турция";"{""timezone"":""Europe/Istanbul"",""continent"":""Европа, Азия"",""zoom"":6,""iso2"":""TR"",""iso3"":""TUR""}";"";"";"";"";;0;""
443453;;424317406;-192796;"81";"shp_countries";"address";"country";"Уганда";"{Уганда,Uganda,""Republic of Uganda;Jamhuri ya Uganda"",""Республика Уганда""}";"1.533355";"32.216658";"";;"Уганда";"{""iso3"":""UGA"",""continent"":""Африка"",""iso2"":""UG"",""zoom"":7,""timezone"":""Africa/Kampala""}";"";"";"";"";;0;""
443521;;424317428;-196240;"58";"shp_countries";"address";"country";"Узбекистан";"{Узбекистан,O'zbekiston,Uzbekistan,""O‘zbekiston Respublikasi"",""Республика Узбекистан""}";"41.323730";"63.952810";"";;"Узбекистан";"{""timezone"":""Asia/Tashkent"",""zoom"":6,""iso2"":""UZ"",""continent"":""Азия"",""iso3"":""UZB""}";"";"";"";"";;0;""
443637;;1648342273;-60199;"46";"shp_countries";"address";"country";"Украина";"{Украина,Україна,Ukraine}";"49.487197";"31.271832";"";;"Украина";"{""iso3"":""UKR"",""continent"":""Европа"",""iso2"":""UA"",""zoom"":6}";"";"";"";"";;0;""
4700248;;424298155;-3412448;"";"countries_spec";"address";"country";"Уоллис и Футуна";"{Wallis-et-Futuna,""Wallis and Futuna"",""Territoire des Îles Wallis-et-Futuna"",""Territory of Wallis and Futuna Islands""}";"-13.817332";"-177.148965";"";;"Уоллис и Футуна";"{""iso3"":""WLF"",""iso2"":""WF"",""zoom"":7,""continent"":""Австралия и Океания"",""timezone"":""Pacific/Wallis""}";"";"";"";"";;0;""
443661;;432425116;-287072;"92";"shp_countries";"address";"country";"Уругвай";"{Уругвай,Uruguay,""República Oriental del Uruguay"",""Oriental Republic of Uruguay"",""Восточная Республика Уругвай""}";"-32.875555";"-56.020152";"";;"Уругвай";"{""timezone"":""America/Montevideo"",""continent"":""Америка"",""zoom"":7,""iso2"":""UY"",""iso3"":""URY""}";"";"";"";"";;0;""
443653;;424312044;-52939;"186";"shp_countries";"address";"country";"Фарерские Острова";"{""Фарерские Острова"",Føroyar,""Faroe Islands"",""Faeroe Islands;Faroes;Faeroes"",""Фарерские острова""}";"62.044872";"-7.032297";"";;"Фарерские Острова";"{""timezone"":""Atlantic/Faroe"",""continent"":""Европа"",""zoom"":8,""iso2"":""FO"",""iso3"":""FRO""}";"";"";"";"";;0;""
443456;;424311244;-571802;"192";"shp_countries";"address";"country";"Федеративные Штаты Микронезии";"{""Федеративные Штаты Микронезии"",""Federated States of Micronesia""}";"5.560056";"150.198285";"";;"Федеративные Штаты Микронезии";"{""continent"":""Австралия и Океания"",""zoom"":5,""iso2"":""FM"",""iso3"":""FSM""}";"";"";"";"";;0;""
443480;;424313823;-571747;"156";"shp_countries";"address";"country";"Фиджи";"{Фиджи,Fiji,""Matanitu Tu-Vaka-i-koya ko Viti"",""Republic of the Fiji Islands"",""Республика Островов Фиджи"",Viti}";"-18.123969";"179.012274";"";;"Фиджи";"{""timezone"":""Pacific/Fiji"",""zoom"":6,""iso2"":""FJ"",""continent"":""Австралия и Океания"",""iso3"":""FJI""}";"";"";"";"";;0;""
443498;;26036352;-443174;"74";"shp_countries";"address";"country";"Филиппины";"{Филиппины,Philippines,""Republic of the Philippines"",""Республика Филиппины"",""Repúblika ng Pilipinas""}";"12.750349";"122.731210";"";;"Филиппины";"{""timezone"":""Asia/Manila"",""continent"":""Азия"",""zoom"":6,""iso2"":""PH"",""iso3"":""PHL""}";"";"";"";"";;0;""
443599;;432424981;-54224;"67";"shp_countries";"address";"country";"Финляндия";"{Финляндия,Suomi,Finland,""Suomen tasavalta"",""Republic of Finland"",""Финляндская Республика""}";"63.246778";"25.920916";"";;"Финляндия";"{""iso3"":""FIN"",""iso2"":""FI"",""zoom"":5,""continent"":""Европа"",""timezone"":""Europe/Helsinki""}";"";"";"";"";;0;""
443632;;424311237;-2185374;"164";"shp_countries";"address";"country";"Фолклендские";"{Фолклендские,""Falkland Islands (Malvinas)"",""Falkland Islands"",""Фолклендские Oстрова"",""Фолклендские острова""}";"-51.966642";"-59.550039";"";;"Фолклендские";"{""iso3"":""FLK"",""continent"":""Америка"",""iso2"":""FK"",""zoom"":7,""timezone"":""Atlantic/Stanley""}";"";"";"";"";;0;""
443598;;1363947712;-2202162;"50";"shp_countries";"address";"country";"Франция";"{Франция,France,""France métropolitaine"",""République française"",""Metropolitan France""}";"46.603354";"1.888333";"";;"Франция";"{""iso3"":""FRA"",""iso2"":""FR"",""zoom"":6,""continent"":""Европа""}";"";"";"";"";;0;""
443454;;;-3412620;"178";"shp_countries";"address";"country";"Французская Полинезия";"{""Французская Полинезия"",""Polynésie Française"",""French Polynesia""}";"-16.034425";"-146.049093";"";;"Французская Полинезия";"{""continent"":""Австралия и Океания"",""zoom"":5,""iso2"":""PF"",""iso3"":""PYF""}";"";"";"";"";;0;""
443538;;;-2186658;"173";"shp_countries";"address";"country";"Французские Южные Территории";"{""Французские Южные Территории"",""Terres australes et antarctiques françaises"",""French Southern and Antarctic Lands"",""Французские Южные и Антарктические территории""}";"-49.237442";"69.622759";"";;"Французские Южные Территории";"{""continent"":""Африка, Антарктика"",""zoom"":4,""iso2"":""TF"",""iso3"":""ATF""}";"";"";"";"";;0;""
443667;;424311353;-214885;"128";"shp_countries";"address";"country";"Хорватия";"{Хорватия,Hrvatska,Croatia,""Republika Hrvatska"",""Republic of Croatia"",""Республика Хорватия""}";"45.564344";"17.011895";"";;"Хорватия";"{""zoom"":8,""iso2"":""HR"",""continent"":""Европа"",""iso3"":""HRV"",""timezone"":""Europe/Zagreb""}";"";"";"";"";;0;""
443621;;432424956;-192790;"45";"shp_countries";"address";"country";"ЦАР";"{ЦАР,CAR,Centrafrique,""Central African Republic"",""Центральноафриканская Республика"",""Ködrö tî Bê-Afrika""}";"7.032360";"19.998123";"";;"ЦАР";"{""timezone"":""Africa/Bangui"",""iso3"":""CAF"",""continent"":""Африка"",""iso2"":""CF"",""zoom"":6}";"";"";"";"";;0;""
443618;;424298076;-2361304;"22";"shp_countries";"address";"country";"Чад";"{Чад,""Tchad تشاد"",Chad,""République du Tchad;جمهورية تشاد ‎"",""Republic of Chad"",""Республика Чад"",""Tchad - تشاد""}";"15.613414";"19.015617";"";;"Чад";"{""zoom"":6,""iso2"":""TD"",""continent"":""Африка"",""iso3"":""TCD"",""timezone"":""Africa/Ndjamena""}";"";"";"";"";;0;""
443633;;445970763;-53296;"162";"shp_countries";"address";"country";"Черногория";"{Черногория,""Crna Gora"",Montenegro}";"43.028556";"19.291739";"";;"Черногория";"{""iso3"":""MNE"",""continent"":""Европа"",""iso2"":""ME"",""zoom"":9,""timezone"":""Europe/Podgorica""}";"";"";"";"";;0;""
443474;;424313803;-51684;"117";"shp_countries";"address";"country";"Чехия";"{Чехия,Česko,""Czech Republic"",""Česká republika"",""Чешская Республика""}";"49.816700";"15.474954";"";;"Чехия";"{""timezone"":""Europe/Prague"",""iso3"":""CZE"",""continent"":""Европа"",""iso2"":""CZ"",""zoom"":7}";"";"";"";"";;0;""
443603;;424311104;-167454;"40";"shp_countries";"address";"country";"Чили";"{Чили,Chile,""República de Chile"",""Republic of Chile"",""Республика Чили""}";"-31.761336";"-71.318770";"";;"Чили";"{""timezone"":""America/Santiago"",""iso3"":""CHL"",""iso2"":""CL"",""zoom"":5,""continent"":""Америка""}";"";"";"";"";;0;""
443546;;1504546320;-51701;"135";"shp_countries";"address";"country";"Швейцария";"{Швейцария,""Schweiz, Suisse, Svizzera, Svizra"",Switzerland,""Swiss Confederation"",""Швейцарская Конфедерация""}";"46.798562";"8.231974";"";;"Швейцария";"{""iso3"":""CHE"",""continent"":""Европа"",""iso2"":""CH"",""zoom"":8,""timezone"":""Europe/Zurich""}";"";"";"";"";;0;""
443522;;424313277;-52822;"59";"shp_countries";"address";"country";"Швеция";"{Швеция,Sverige,Sweden,""Konungariket Sverige""}";"59.674971";"14.520858";"";;"Швеция";"{""timezone"":""Europe/Stockholm"",""iso3"":""SWE"",""iso2"":""SE"",""zoom"":5,""continent"":""Европа""}";"";"";"";"";;0;""
4700240;;269195852;-1337397;"";"countries_spec";"address";"country";"Шпицберген и Ян-Майен";"{Svalbard,Шпицберген}";"78.719852";"20.349333";"";;"Шпицберген и Ян-Майен";"{""continent"":""Европа"",""iso2"":""SJ"",""zoom"":7,""timezone"":""Arctic/Longyearbyen""}";"";"";"";"";;0;""
443580;;;-536807;"123";"shp_countries";"address";"country";"Шри-Ланка";"{Шри-Ланка,""ශ්‍රී ලංකා"",""Sri Lanka""}";"7.878000";"80.703825";"";;"Шри-Ланка";"{""timezone"":""Asia/Colombo"",""iso3"":""LKA"",""iso2"":""LK"",""zoom"":8,""continent"":""Азия""}";"";"";"";"";;0;""
443494;;424298227;-108089;"79";"shp_countries";"address";"country";"Эквадор";"{Эквадор,Ecuador,""República del Ecuador"",""Republic of Ecuador"",""Республика Эквадор""}";"-1.339767";"-79.366696";"";;"Эквадор";"{""zoom"":7,""iso2"":""EC"",""continent"":""Америка"",""iso3"":""ECU"",""timezone"":""America/Guayaquil""}";"";"";"";"";;0;""
443505;;424313853;-192791;"148";"shp_countries";"address";"country";"Экваториальная Гвинея";"{""Экваториальная Гвинея"",""Guinea Ecuatorial"",""Equatorial Guinea"",""República de Guinea Ecuatorial;République de Guinée équatoriale;República da Guiné Equatorial"",""Республика Экваториальная Гвинея""}";"1.613172";"10.517036";"";;"Экваториальная Гвинея";"{""iso3"":""GNQ"",""continent"":""Африка"",""iso2"":""GQ"",""zoom"":8,""timezone"":""Africa/Malabo""}";"";"";"";"";;0;""
4700246;;506518431;-1650407;"";"countries_spec";"address";"country";"Эландские острова";"{Åland,""Åland Islands"",""Аландские острова"",""Landskapet Åland"",""Region of Åland"",""Provinsen Åland""}";"60.216622";"19.943864";"";;"Эландские острова";"{""timezone"":""Europe/Mariehamn"",""iso3"":""ALA"",""iso2"":""AX"",""zoom"":7,""continent"":""Европа""}";"";"";"";"";;0;""
443606;;424316022;-296961;"100";"shp_countries";"address";"country";"Эритрея";"{Эритрея,ኤርትራ,Eritrea,""ሃገረ ኤርትራ;دولة إرتريا"",""State of Eritrea"",""Государство Эритрея""}";"15.950032";"37.999967";"";;"Эритрея";"{""timezone"":""Africa/Asmara"",""continent"":""Африка"",""zoom"":7,""iso2"":""ER"",""iso3"":""ERI""}";"";"";"";"";;0;""
443518;;424313832;-79510;"133";"shp_countries";"address";"country";"Эстония";"{Эстония,Eesti,Estonia,""Eesti Vabariik"",""Republic of Estonia"",""Эсто́нская Респу́блика""}";"58.752378";"25.331908";"";;"Эстония";"{""zoom"":7,""iso2"":""EE"",""continent"":""Европа"",""iso3"":""EST"",""timezone"":""Europe/Tallinn""}";"";"";"";"";;0;""
443615;;2163914205;-192800;"28";"shp_countries";"address";"country";"Эфиопия";"{Эфиопия,""ኢትዮጵያ Ethiopia"",Ethiopia,""Federal Democratic Republic of Ethiopia"",""Федеративная Демократическая Республика Эфиопия""}";"10.211670";"38.652120";"";;"Эфиопия";"{""timezone"":""Africa/Addis_Ababa"",""iso3"":""ETH"",""iso2"":""ET"",""zoom"":6,""continent"":""Африка""}";"";"";"";"";;0;""
443611;;424298167;-1252792;"25";"shp_countries";"address";"country";"ЮАР";"{ЮАР,SAR,""South Africa"",""Южно-Африканская Республика"",""Republic of South Africa"",RSA,""Южная Африка""}";"-28.816624";"24.991639";"";;"ЮАР";"{""iso3"":""ZAF"",""iso2"":""ZA"",""zoom"":6,""continent"":""Африка"",""timezone"":""Africa/Johannesburg""}";"";"";"";"";;0;""
443448;;249399339;-1983628;"179";"shp_countries";"address";"country";"Южная Георгия";"{""Южная Георгия"",""South Georgia and South Sandwich Islands"",""Южная Георгия и Южные Сандвичевы Острова"",""South Georgia and the South Sandwich Islands""}";"-54.843286";"-35.809070";"";;"Южная Георгия";"{""iso3"":""SGS"",""continent"":""Америка"",""iso2"":""GS"",""zoom"":8}";"";"";"";"";;0;""
443616;;1696850886;-1152717;"273";"shp_countries";"address";"country";"Южная Осетия";"{""Южная Осетия"",""Хуссар Ирыстон - Южная Осетия"",""South Ossetia"",""Республика Южная Осетия"",""Южная Осетия - Хуссар Ирыстон""}";"42.347634";"44.097947";"";;"Южная Осетия";"{""iso3"":""OST"",""continent"":""Европа"",""iso2"":""OS"",""zoom"":9}";"";"";"";"";;0;""
443550;;249399339;-1983628;"218";"shp_countries";"address";"country";"Южные Сандвичевы о-ва";"{""Южные Сандвичевы о-ва"",""South Georgia and South Sandwich Islands"",""Южная Георгия и Южные Сандвичевы Острова"",""South Georgia and the South Sandwich Islands""}";"-54.843286";"-35.809070";"";;"Южные Сандвичевы о-ва";"{""iso3"":""SGS"",""continent"":""Америка"",""iso2"":""GS"",""zoom"":7}";"";"";"";"";;0;""
443636;;1356260631;-1656678;"44";"shp_countries";"address";"country";"Южный Судан";"{""Южный Судан"",""South Sudan"",""Republic of South Sudan"",""Республика Южный Судан""}";"7.265386";"30.054890";"";;"Южный Судан";"{""timezone"":""Africa/Juba"",""continent"":""Африка"",""zoom"":6,""iso2"":""SS"",""iso3"":""SSD""}";"";"";"";"";;0;""
443544;;424313591;-555017;"165";"shp_countries";"address";"country";"Ямайка";"{Ямайка,Jamaica}";"18.185051";"-77.394769";"";;"Ямайка";"{""iso3"":""JAM"",""continent"":""Америка"",""iso2"":""JM"",""zoom"":8,""timezone"":""America/Jamaica""}";"";"";"";"";;0;""
443489;;424313451;-382313;"63";"shp_countries";"address";"country";"Япония";"{Япония,日本,Japan}";"36.574844";"139.239418";"";;"Япония";"{""continent"":""Азия"",""zoom"":6,""iso2"":""JP"",""iso3"":""JPN"",""timezone"":""Asia/Tokyo""}";"";"";"";"";;0;""
